time,HR,accelerometer1x,accelerometer1y,accelerometer1z,accelerometer1z,accelrometer2x,accelerometer2y,accelerometer2z,strain gauge
11/18/21 11:44,63,20,20,20,20,20,20,20,50
11/18/21 11:45,75,20,20,20,20,20,20,20,50
11/18/21 11:46,82,20,20,20,20,20,20,20,50
11/18/21 11:47,87,20,20,20,20,20,20,20,50
11/18/21 11:48,92,20,20,20,20,20,20,20,50
11/18/21 11:49,94,20,20,20,20,20,20,20,50
11/18/21 11:50,95,20,20,20,20,20,20,20,50
11/18/21 11:51,96,20,20,20,20,20,20,20,50
11/18/21 11:52,97,20,20,20,20,20,20,20,50
11/18/21 11:53,97,20,20,20,20,20,20,20,50
11/18/21 11:54,98,20,20,20,20,20,20,20,50
11/18/21 11:55,98,20,20,20,20,20,20,20,50
11/18/21 11:56,99,20,20,20,20,20,20,20,50
11/18/21 11:57,100,20,20,20,20,20,20,20,50
11/18/21 11:58,101,20,20,20,20,20,20,20,50
11/18/21 11:59,100,20,20,20,20,20,20,20,50
11/18/21 12:00,100,20,20,20,20,20,20,20,50
11/18/21 12:01,100,20,20,20,20,20,20,20,50
11/18/21 12:02,100,20,20,20,20,20,20,20,50
11/18/21 12:03,99,20,20,20,20,20,20,20,50
11/18/21 12:04,99,20,20,20,20,20,20,20,50
11/18/21 12:05,98,20,20,20,20,20,20,20,50
11/18/21 12:06,97,20,20,20,20,20,20,20,50
11/18/21 12:07,98,20,20,20,20,20,20,20,50
11/18/21 12:08,98,20,20,20,20,20,20,20,50
11/18/21 12:09,101,20,20,20,20,20,20,20,50
11/18/21 12:10,101,20,20,20,20,20,20,20,50
11/18/21 12:11,100,20,20,20,20,20,20,20,50
11/18/21 12:12,99,20,20,20,20,20,20,20,50
11/18/21 12:13,101,20,20,20,20,20,20,20,50
11/18/21 12:14,101,20,20,20,20,20,20,20,50
11/18/21 12:15,99,20,20,20,20,20,20,20,50
11/18/21 12:16,98,20,20,20,20,20,20,20,50
11/18/21 12:17,98,20,20,20,20,20,20,20,50
11/18/21 12:18,99,20,20,20,20,20,20,20,50
11/18/21 12:19,99,20,20,20,20,20,20,20,50
11/18/21 12:20,100,20,20,20,20,20,20,20,50
11/18/21 12:21,102,20,20,20,20,20,20,20,50
11/18/21 12:22,101,20,20,20,20,20,20,20,50
11/18/21 12:23,101,20,20,20,20,20,20,20,50
11/18/21 12:24,102,20,20,20,20,20,20,20,50
11/18/21 12:25,106,20,20,20,20,20,20,20,50
11/18/21 12:26,107,20,20,20,20,20,20,20,50
11/18/21 12:27,103,20,20,20,20,20,20,20,50
11/18/21 12:28,100,20,20,20,20,20,20,20,50
11/18/21 12:29,101,20,20,20,20,20,20,20,50
11/18/21 12:30,101,20,20,20,20,20,20,20,50
11/18/21 12:31,101,20,20,20,20,20,20,20,50
11/18/21 12:32,99,20,20,20,20,20,20,20,50
11/18/21 12:33,97,20,20,20,20,20,20,20,50
11/18/21 12:34,97,20,20,20,20,20,20,20,50
11/18/21 12:35,97,20,20,20,20,20,20,20,50
11/18/21 12:36,97,20,20,20,20,20,20,20,50
11/18/21 12:37,97,20,20,20,20,20,20,20,50
11/18/21 12:38,95,20,20,20,20,20,20,20,50
11/18/21 12:39,94,20,20,20,20,20,20,20,50
11/18/21 12:40,96,20,20,20,20,20,20,20,50
11/18/21 12:41,99,20,20,20,20,20,20,20,50
11/18/21 12:42,100,20,20,20,20,20,20,20,50
11/18/21 12:43,100,20,20,20,20,20,20,20,50
11/18/21 12:44,101,20,20,20,20,20,20,20,50
11/18/21 12:45,102,20,20,20,20,20,20,20,50
11/18/21 12:46,102,20,20,20,20,20,20,20,50
11/18/21 12:47,100,20,20,20,20,20,20,20,50
11/18/21 12:48,100,20,20,20,20,20,20,20,50
11/18/21 12:49,99,20,20,20,20,20,20,20,50
11/18/21 12:50,99,20,20,20,20,20,20,20,50
11/18/21 12:51,100,20,20,20,20,20,20,20,50
11/18/21 12:52,99,20,20,20,20,20,20,20,50
11/18/21 12:53,97,20,20,20,20,20,20,20,50
11/18/21 12:54,97,20,20,20,20,20,20,20,50
11/18/21 12:55,98,20,20,20,20,20,20,20,50
11/18/21 12:56,100,20,20,20,20,20,20,20,50
11/18/21 12:57,100,20,20,20,20,20,20,20,50
11/18/21 12:58,99,20,20,20,20,20,20,20,50
11/18/21 12:59,101,20,20,20,20,20,20,20,50
11/18/21 13:00,102,20,20,20,20,20,20,20,50
11/18/21 13:01,102,20,20,20,20,20,20,20,50
11/18/21 13:02,101,20,20,20,20,20,20,20,50
11/18/21 13:03,101,20,20,20,20,20,20,20,50
11/18/21 13:04,102,20,20,20,20,20,20,20,50
11/18/21 13:05,103,20,20,20,20,20,20,20,50
11/18/21 13:06,103,20,20,20,20,20,20,20,50
11/18/21 13:07,103,20,20,20,20,20,20,20,50
11/18/21 13:08,104,20,20,20,20,20,20,20,50
11/18/21 13:09,105,20,20,20,20,20,20,20,50
11/18/21 13:10,104,20,20,20,20,20,20,20,50
11/18/21 13:11,103,20,20,20,20,20,20,20,50
11/18/21 13:12,102,20,20,20,20,20,20,20,50
11/18/21 13:13,102,20,20,20,20,20,20,20,50
11/18/21 13:14,105,20,20,20,20,20,20,20,50
11/18/21 13:15,107,20,20,20,20,20,20,20,50
11/18/21 13:16,106,20,20,20,20,20,20,20,50
11/18/21 13:17,107,20,20,20,20,20,20,20,50
11/18/21 13:18,109,20,20,20,20,20,20,20,50
11/18/21 13:19,111,20,20,20,20,20,20,20,50
11/18/21 13:20,109,20,20,20,20,20,20,20,50
11/18/21 13:21,107,20,20,20,20,20,20,20,50
11/18/21 13:22,107,20,20,20,20,20,20,20,50
11/18/21 13:23,108,20,20,20,20,20,20,20,50
11/18/21 13:24,109,20,20,20,20,20,20,20,50
11/18/21 13:25,109,20,20,20,20,20,20,20,50
11/18/21 13:26,109,20,20,20,20,20,20,20,50
11/18/21 13:27,110,20,20,20,20,20,20,20,50
11/18/21 13:28,110,20,20,20,20,20,20,20,50
11/18/21 13:29,111,20,20,20,20,20,20,20,50
11/18/21 13:30,112,20,20,20,20,20,20,20,50
11/18/21 13:31,112,20,20,20,20,20,20,20,50
11/18/21 13:32,116,20,20,20,20,20,20,20,50
11/18/21 13:33,117,20,20,20,20,20,20,20,50
11/18/21 13:34,117,20,20,20,20,20,20,20,50
11/18/21 13:35,118,20,20,20,20,20,20,20,50
11/18/21 13:36,118,20,20,20,20,20,20,20,50
11/18/21 13:37,117,20,20,20,20,20,20,20,50
11/18/21 13:38,115,20,20,20,20,20,20,20,50
11/18/21 13:39,114,20,20,20,20,20,20,20,50
11/18/21 13:40,114,20,20,20,20,20,20,20,50
11/18/21 13:41,114,20,20,20,20,20,20,20,50
11/18/21 13:42,114,20,20,20,20,20,20,20,50
11/18/21 13:43,115,20,20,20,20,20,20,20,50
11/18/21 13:44,119,20,20,20,20,20,20,20,50
11/18/21 13:45,120,20,20,20,20,20,20,20,50
11/18/21 13:46,120,20,20,20,20,20,20,20,50
11/18/21 13:47,121,20,20,20,20,20,20,20,50
11/18/21 13:48,125,20,20,20,20,20,20,20,50
11/18/21 13:49,129,20,20,20,20,20,20,20,50
11/18/21 13:50,130,20,20,20,20,20,20,20,50
11/18/21 13:51,127,20,20,20,20,20,20,20,50
11/18/21 13:52,127,20,20,20,20,20,20,20,50
11/18/21 13:53,127,20,20,20,20,20,20,20,50
11/18/21 13:54,126,20,20,20,20,20,20,20,50
11/18/21 13:55,124,20,20,20,20,20,20,20,50
11/18/21 13:56,122,20,20,20,20,20,20,20,50
11/18/21 13:57,122,20,20,20,20,20,20,20,50
11/18/21 13:58,122,20,20,20,20,20,20,20,50
11/18/21 13:59,123,20,20,20,20,20,20,20,50
11/18/21 14:00,125,20,20,20,20,20,20,20,50
11/18/21 14:01,125,20,20,20,20,20,20,20,50
11/18/21 14:02,125,20,20,20,20,20,20,20,50
11/18/21 14:03,124,20,20,20,20,20,20,20,50
11/18/21 14:04,123,20,20,20,20,20,20,20,50
11/18/21 14:05,123,20,20,20,20,20,20,20,50
11/18/21 14:06,124,20,20,20,20,20,20,20,50
11/18/21 14:07,125,20,20,20,20,20,20,20,50
11/18/21 14:08,125,20,20,20,20,20,20,20,50
11/18/21 14:09,125,20,20,20,20,20,20,20,50
11/18/21 14:10,126,20,20,20,20,20,20,20,50
11/18/21 14:11,127,20,20,20,20,20,20,20,50
11/18/21 14:12,127,20,20,20,20,20,20,20,50
11/18/21 14:13,128,20,20,20,20,20,20,20,50
11/18/21 14:14,128,20,20,20,20,20,20,20,50
11/18/21 14:15,129,20,20,20,20,20,20,20,50
11/18/21 14:16,129,20,20,20,20,20,20,20,50
11/18/21 14:17,132,20,20,20,20,20,20,20,50
11/18/21 14:18,132,20,20,20,20,20,20,20,50
11/18/21 14:19,131,20,20,20,20,20,20,20,50
11/18/21 14:20,131,20,20,20,20,20,20,20,50
11/18/21 14:21,132,20,20,20,20,20,20,20,50
11/18/21 14:22,132,20,20,20,20,20,20,20,50
11/18/21 14:23,129,20,20,20,20,20,20,20,50
11/18/21 14:24,129,20,20,20,20,20,20,20,50
11/18/21 14:25,129,20,20,20,20,20,20,20,50
11/18/21 14:26,129,20,20,20,20,20,20,20,50
11/18/21 14:27,130,20,20,20,20,20,20,20,50
11/18/21 14:28,130,20,20,20,20,20,20,20,50
11/18/21 14:29,130,20,20,20,20,20,20,20,50
11/18/21 14:30,131,20,20,20,20,20,20,20,50
11/18/21 14:31,131,20,20,20,20,20,20,20,50
11/18/21 14:32,131,20,20,20,20,20,20,20,50
11/18/21 14:33,131,20,20,20,20,20,20,20,50
11/18/21 14:34,131,20,20,20,20,20,20,20,50
11/18/21 14:35,131,20,20,20,20,20,20,20,50
11/18/21 14:36,132,20,20,20,20,20,20,20,50
11/18/21 14:37,136,20,20,20,20,20,20,20,50
11/18/21 14:38,136,20,20,20,20,20,20,20,50
11/18/21 14:39,136,20,20,20,20,20,20,20,50
11/18/21 14:40,136,20,20,20,20,20,20,20,50
11/18/21 14:41,136,20,20,20,20,20,20,20,50
11/18/21 14:42,136,20,20,20,20,20,20,20,50
11/18/21 14:43,132,20,20,20,20,20,20,20,50
11/18/21 14:44,132,20,20,20,20,20,20,20,50
11/18/21 14:45,132,20,20,20,20,20,20,20,50
11/18/21 14:46,132,20,20,20,20,20,20,20,50
11/18/21 14:47,132,20,20,20,20,20,20,20,50
11/18/21 14:48,132,20,20,20,20,20,20,20,50
11/18/21 14:49,133,20,20,20,20,20,20,20,50
11/18/21 14:50,133,20,20,20,20,20,20,20,50
11/18/21 14:51,134,20,20,20,20,20,20,20,50
11/18/21 14:52,134,20,20,20,20,20,20,20,50
11/18/21 14:53,135,20,20,20,20,20,20,20,50
11/18/21 14:54,135,20,20,20,20,20,20,20,50
11/18/21 14:55,135,20,20,20,20,20,20,20,50
11/18/21 14:56,135,20,20,20,20,20,20,20,50
11/18/21 14:57,136,20,20,20,20,20,20,20,50
11/18/21 14:58,136,20,20,20,20,20,20,20,50
11/18/21 14:59,136,20,20,20,20,20,20,20,50
11/18/21 15:00,137,20,20,20,20,20,20,20,50
11/18/21 15:01,137,20,20,20,20,20,20,20,50
11/18/21 15:02,137,20,20,20,20,20,20,20,50
11/18/21 15:03,138,20,20,20,20,20,20,20,50
11/18/21 15:04,138,20,20,20,20,20,20,20,50
11/18/21 15:05,135,20,20,20,20,20,20,20,50
11/18/21 15:06,135,20,20,20,20,20,20,20,50
11/18/21 15:07,136,20,20,20,20,20,20,20,50
11/18/21 15:08,137,20,20,20,20,20,20,20,50
11/18/21 15:09,138,20,20,20,20,20,20,20,50
11/18/21 15:10,138,20,20,20,20,20,20,20,50
11/18/21 15:11,141,20,20,20,20,20,20,20,50
11/18/21 15:12,141,20,20,20,20,20,20,20,50
11/18/21 15:13,141,20,20,20,20,20,20,20,50
11/18/21 15:14,141,20,20,20,20,20,20,20,50
11/18/21 15:15,141,20,20,20,20,20,20,20,50
11/18/21 15:16,142,20,20,20,20,20,20,20,50
11/18/21 15:17,142,20,20,20,20,20,20,20,50
11/18/21 15:18,142,20,20,20,20,20,20,20,50
11/18/21 15:19,143,20,20,20,20,20,20,20,50
11/18/21 15:20,143,20,20,20,20,20,20,20,50
11/18/21 15:21,144,20,20,20,20,20,20,20,50
11/18/21 15:22,144,20,20,20,20,20,20,20,50
11/18/21 15:23,144,20,20,20,20,20,20,20,50
11/18/21 15:24,145,20,20,20,20,20,20,20,50
11/18/21 15:25,145,20,20,20,20,20,20,20,50
11/18/21 15:26,146,20,20,20,20,20,20,20,50
11/18/21 15:27,147,20,20,20,20,20,20,20,50
11/18/21 15:28,147,20,20,20,20,20,20,20,50
11/18/21 15:29,147,20,20,20,20,20,20,20,50
11/18/21 15:30,147,20,20,20,20,20,20,20,50
11/18/21 15:31,147,20,20,20,20,20,20,20,50
11/18/21 15:32,147,20,20,20,20,20,20,20,50
11/18/21 15:33,147,20,20,20,20,20,20,20,50
11/18/21 15:34,147,20,20,20,20,20,20,20,50
11/18/21 15:35,146,20,20,20,20,20,20,20,50
11/18/21 15:36,143,20,20,20,20,20,20,20,50
11/18/21 15:37,143,20,20,20,20,20,20,20,50
11/18/21 15:38,144,20,20,20,20,20,20,20,50
11/18/21 15:39,144,20,20,20,20,20,20,20,50
11/18/21 15:40,144,20,20,20,20,20,20,20,50
11/18/21 15:41,144,20,20,20,20,20,20,20,50
11/18/21 15:42,145,20,20,20,20,20,20,20,50
11/18/21 15:43,148,20,20,20,20,20,20,20,50
11/18/21 15:44,148,20,20,20,20,20,20,20,50
11/18/21 15:45,145,20,20,20,20,20,20,20,50
11/18/21 15:46,142,20,20,20,20,20,20,20,50
11/18/21 15:47,143,20,20,20,20,20,20,20,50
11/18/21 15:48,143,20,20,20,20,20,20,20,50
11/18/21 15:49,144,20,20,20,20,20,20,20,50
11/18/21 15:50,144,20,20,20,20,20,20,20,50
11/18/21 15:51,147,20,20,20,20,20,20,20,50
11/18/21 15:52,150,20,20,20,20,20,20,20,50
11/18/21 15:53,150,20,20,20,20,20,20,20,50
11/18/21 15:54,150,20,20,20,20,20,20,20,50
11/18/21 15:55,150,20,20,20,20,20,20,20,50
11/18/21 15:56,150,20,20,20,20,20,20,20,50
11/18/21 15:57,150,20,20,20,20,20,20,20,50
11/18/21 15:58,150,20,20,20,20,20,20,20,50
11/18/21 15:59,151,20,20,20,20,20,20,20,50
11/18/21 16:00,151,20,20,20,20,20,20,20,50
11/18/21 16:01,152,20,20,20,20,20,20,20,50
11/18/21 16:02,152,20,20,20,20,20,20,20,50
11/18/21 16:03,152,20,20,20,20,20,20,20,50
11/18/21 16:04,153,20,20,20,20,20,20,20,50
11/18/21 16:05,154,20,20,20,20,20,20,20,50
11/18/21 16:06,154,20,20,20,20,20,20,20,50
11/18/21 16:07,154,20,20,20,20,20,20,20,50
11/18/21 16:08,154,20,20,20,20,20,20,20,50
11/18/21 16:09,154,20,20,20,20,20,20,20,50
11/18/21 16:10,154,20,20,20,20,20,20,20,50
11/18/21 16:11,155,20,20,20,20,20,20,20,50
11/18/21 16:12,155,20,20,20,20,20,20,20,50
11/18/21 16:13,156,20,20,20,20,20,20,20,50
11/18/21 16:14,156,20,20,20,20,20,20,20,50
11/18/21 16:15,157,20,20,20,20,20,20,20,50
11/18/21 16:16,157,20,20,20,20,20,20,20,50
11/18/21 16:17,157,20,20,20,20,20,20,20,50
11/18/21 16:18,157,20,20,20,20,20,20,20,50
11/18/21 16:19,158,20,20,20,20,20,20,20,50
11/18/21 16:20,157,20,20,20,20,20,20,20,50
11/18/21 16:21,155,20,20,20,20,20,20,20,50
11/18/21 16:22,155,20,20,20,20,20,20,20,50
11/18/21 16:23,151,20,20,20,20,20,20,20,50
11/18/21 16:24,148,20,20,20,20,20,20,20,50
11/18/21 16:25,149,20,20,20,20,20,20,20,50
11/18/21 16:26,146,20,20,20,20,20,20,20,50
11/18/21 16:27,144,20,20,20,20,20,20,20,50
11/18/21 16:28,142,20,20,20,20,20,20,20,50
11/18/21 16:29,142,20,20,20,20,20,20,20,50
11/18/21 16:30,146,20,20,20,20,20,20,20,50
11/18/21 16:31,150,20,20,20,20,20,20,20,50
11/18/21 16:32,150,20,20,20,20,20,20,20,50
11/18/21 16:33,154,20,20,20,20,20,20,20,50
11/18/21 16:34,160,20,20,20,20,20,20,20,50
11/18/21 16:35,161,20,20,20,20,20,20,20,50
11/18/21 16:36,161,20,20,20,20,20,20,20,50
11/18/21 16:37,157,20,20,20,20,20,20,20,50
11/18/21 16:38,157,20,20,20,20,20,20,20,50
11/18/21 16:39,157,20,20,20,20,20,20,20,50
11/18/21 16:40,157,20,20,20,20,20,20,20,50
11/18/21 16:41,158,20,20,20,20,20,20,20,50
11/18/21 16:42,158,20,20,20,20,20,20,20,50
11/18/21 16:43,161,20,20,20,20,20,20,20,50
11/18/21 16:44,162,20,20,20,20,20,20,20,50
11/18/21 16:45,163,20,20,20,20,20,20,20,50
11/18/21 16:46,163,20,20,20,20,20,20,20,50
11/18/21 16:47,162,20,20,20,20,20,20,20,50
11/18/21 16:48,162,20,20,20,20,20,20,20,50
11/18/21 16:49,163,20,20,20,20,20,20,20,50
11/18/21 16:50,163,20,20,20,20,20,20,20,50
11/18/21 16:51,163,20,20,20,20,20,20,20,50
11/18/21 16:52,163,20,20,20,20,20,20,20,50
11/18/21 16:53,162,20,20,20,20,20,20,20,50
11/18/21 16:54,159,20,20,20,20,20,20,20,50
11/18/21 16:55,159,20,20,20,20,20,20,20,50
11/18/21 16:56,159,20,20,20,20,20,20,20,50
11/18/21 16:57,157,20,20,20,20,20,20,20,50
11/18/21 16:58,156,20,20,20,20,20,20,20,50
11/18/21 16:59,156,20,20,20,20,20,20,20,50
11/18/21 17:00,160,20,20,20,20,20,20,20,50
11/18/21 17:01,163,20,20,20,20,20,20,20,50
11/18/21 17:02,163,20,20,20,20,20,20,20,50
11/18/21 17:03,163,20,20,20,20,20,20,20,50
11/18/21 17:04,164,20,20,20,20,20,20,20,50
11/18/21 17:05,164,20,20,20,20,20,20,20,50
11/18/21 17:06,161,20,20,20,20,20,20,20,50
11/18/21 17:07,158,20,20,20,20,20,20,20,50
11/18/21 17:08,158,20,20,20,20,20,20,20,50
11/18/21 17:09,158,20,20,20,20,20,20,20,50
11/18/21 17:10,159,20,20,20,20,20,20,20,50
11/18/21 17:11,155,20,20,20,20,20,20,20,50
11/18/21 17:12,152,20,20,20,20,20,20,20,50
11/18/21 17:13,152,20,20,20,20,20,20,20,50
11/18/21 17:14,156,20,20,20,20,20,20,20,50
11/18/21 17:15,155,20,20,20,20,20,20,20,50
11/18/21 17:16,156,20,20,20,20,20,20,20,50
11/18/21 17:17,157,20,20,20,20,20,20,20,50
11/18/21 17:18,157,20,20,20,20,20,20,20,50
11/18/21 17:19,160,20,20,20,20,20,20,20,50
11/18/21 17:20,160,20,20,20,20,20,20,20,50
11/18/21 17:21,157,20,20,20,20,20,20,20,50
11/18/21 17:22,152,20,20,20,20,20,20,20,50
11/18/21 17:23,145,20,20,20,20,20,20,20,50
11/18/21 17:24,145,20,20,20,20,20,20,20,50
11/18/21 17:25,145,20,20,20,20,20,20,20,50
11/18/21 17:26,145,20,20,20,20,20,20,20,50
11/18/21 17:27,149,20,20,20,20,20,20,20,50
11/18/21 17:28,154,20,20,20,20,20,20,20,50
11/18/21 17:29,161,20,20,20,20,20,20,20,50
11/18/21 17:30,164,20,20,20,20,20,20,20,50
11/18/21 17:31,165,20,20,20,20,20,20,20,50
11/18/21 17:32,165,20,20,20,20,20,20,20,50
11/18/21 17:33,165,20,20,20,20,20,20,20,50
11/18/21 17:34,161,20,20,20,20,20,20,20,50
11/18/21 17:35,156,20,20,20,20,20,20,20,50
11/18/21 17:36,152,20,20,20,20,20,20,20,50
11/18/21 17:37,151,20,20,20,20,20,20,20,50
11/18/21 17:38,151,20,20,20,20,20,20,20,50
11/18/21 17:39,151,20,20,20,20,20,20,20,50
11/18/21 17:40,151,20,20,20,20,20,20,20,50
11/18/21 17:41,157,20,20,20,20,20,20,20,50
11/18/21 17:42,161,20,20,20,20,20,20,20,50
11/18/21 17:43,165,20,20,20,20,20,20,20,50
11/18/21 17:44,166,20,20,20,20,20,20,20,50
11/18/21 17:45,162,20,20,20,20,20,20,20,50
11/18/21 17:46,166,20,20,20,20,20,20,20,50
11/18/21 17:47,170,20,20,20,20,20,20,20,50
11/18/21 17:48,170,20,20,20,20,20,20,20,50
11/18/21 17:49,167,20,20,20,20,20,20,20,50
11/18/21 17:50,163,20,20,20,20,20,20,20,50
11/18/21 17:51,164,20,20,20,20,20,20,20,50
11/18/21 17:52,165,20,20,20,20,20,20,20,50
11/18/21 17:53,160,20,20,20,20,20,20,20,50
11/18/21 17:54,156,20,20,20,20,20,20,20,50
11/18/21 17:55,147,20,20,20,20,20,20,20,50
11/18/21 17:56,151,20,20,20,20,20,20,20,50
11/18/21 17:57,154,20,20,20,20,20,20,20,50
11/18/21 17:58,154,20,20,20,20,20,20,20,50
11/18/21 17:59,159,20,20,20,20,20,20,20,50
11/18/21 18:00,163,20,20,20,20,20,20,20,50
11/18/21 18:01,173,20,20,20,20,20,20,20,50
11/18/21 18:02,174,20,20,20,20,20,20,20,50
11/18/21 18:03,175,20,20,20,20,20,20,20,50
11/18/21 18:04,175,20,20,20,20,20,20,20,50
11/18/21 18:05,174,20,20,20,20,20,20,20,50
11/18/21 18:06,167,20,20,20,20,20,20,20,50
11/18/21 18:07,167,20,20,20,20,20,20,20,50
11/18/21 18:08,167,20,20,20,20,20,20,20,50
11/18/21 18:09,167,20,20,20,20,20,20,20,50
11/18/21 18:10,167,20,20,20,20,20,20,20,50
11/18/21 18:11,167,20,20,20,20,20,20,20,50
11/18/21 18:12,170,20,20,20,20,20,20,20,50
11/18/21 18:13,170,20,20,20,20,20,20,20,50
11/18/21 18:14,167,20,20,20,20,20,20,20,50
11/18/21 18:15,166,20,20,20,20,20,20,20,50
11/18/21 18:16,166,20,20,20,20,20,20,20,50
11/18/21 18:17,167,20,20,20,20,20,20,20,50
11/18/21 18:18,166,20,20,20,20,20,20,20,50
11/18/21 18:19,166,20,20,20,20,20,20,20,50
11/18/21 18:20,166,20,20,20,20,20,20,20,50
11/18/21 18:21,170,20,20,20,20,20,20,20,50
11/18/21 18:22,172,20,20,20,20,20,20,20,50
11/18/21 18:23,172,20,20,20,20,20,20,20,50
11/18/21 18:24,168,20,20,20,20,20,20,20,50
11/18/21 18:25,164,20,20,20,20,20,20,20,50
11/18/21 18:26,165,20,20,20,20,20,20,20,50
11/18/21 18:27,164,20,20,20,20,20,20,20,50
11/18/21 18:28,157,20,20,20,20,20,20,20,50
11/18/21 18:29,153,20,20,20,20,20,20,20,50
11/18/21 18:30,150,20,20,20,20,20,20,20,50
11/18/21 18:31,146,20,20,20,20,20,20,20,50
11/18/21 18:32,146,20,20,20,20,20,20,20,50
11/18/21 18:33,146,20,20,20,20,20,20,20,50
11/18/21 18:34,150,20,20,20,20,20,20,20,50
11/18/21 18:35,157,20,20,20,20,20,20,20,50
11/18/21 18:36,157,20,20,20,20,20,20,20,50
11/18/21 18:37,158,20,20,20,20,20,20,20,50
11/18/21 18:38,158,20,20,20,20,20,20,20,50
11/18/21 18:39,153,20,20,20,20,20,20,20,50
11/18/21 18:40,147,20,20,20,20,20,20,20,50
11/18/21 18:41,148,20,20,20,20,20,20,20,50
11/18/21 18:42,138,20,20,20,20,20,20,20,50
11/18/21 18:43,139,20,20,20,20,20,20,20,50
11/18/21 18:44,141,20,20,20,20,20,20,20,50
11/18/21 18:45,148,20,20,20,20,20,20,20,50
11/18/21 18:46,158,20,20,20,20,20,20,20,50
11/18/21 18:47,160,20,20,20,20,20,20,20,50
11/18/21 18:48,151,20,20,20,20,20,20,20,50
11/18/21 18:49,151,20,20,20,20,20,20,20,50
11/18/21 18:50,144,20,20,20,20,20,20,20,50
11/18/21 18:51,138,20,20,20,20,20,20,20,50
11/18/21 18:52,131,20,20,20,20,20,20,20,50
11/18/21 18:53,130,20,20,20,20,20,20,20,50
11/18/21 18:54,129,20,20,20,20,20,20,20,50
11/18/21 18:55,128,20,20,20,20,20,20,20,50
11/18/21 18:56,128,20,20,20,20,20,20,20,50
11/18/21 18:57,130,20,20,20,20,20,20,20,50
11/18/21 18:58,134,20,20,20,20,20,20,20,50
11/18/21 18:59,141,20,20,20,20,20,20,20,50
11/18/21 19:00,140,20,20,20,20,20,20,20,50
11/18/21 19:01,150,20,20,20,20,20,20,20,50
11/18/21 19:02,160,20,20,20,20,20,20,20,50
11/18/21 19:03,171,20,20,20,20,20,20,20,50
11/18/21 19:04,177,20,20,20,20,20,20,20,50
11/18/21 19:05,180,20,20,20,20,20,20,20,50
11/18/21 19:06,179,20,20,20,20,20,20,20,50
11/18/21 19:07,179,20,20,20,20,20,20,20,50
11/18/21 19:08,179,20,20,20,20,20,20,20,50
11/18/21 19:09,179,20,20,20,20,20,20,20,50
11/18/21 19:10,177,20,20,20,20,20,20,20,50
11/18/21 19:11,170,20,20,20,20,20,20,20,50
11/18/21 19:12,159,20,20,20,20,20,20,20,50
11/18/21 19:13,148,20,20,20,20,20,20,20,50
11/18/21 19:14,150,20,20,20,20,20,20,20,50
11/18/21 19:15,140,20,20,20,20,20,20,20,50
11/18/21 19:16,137,20,20,20,20,20,20,20,50
11/18/21 19:17,130,20,20,20,20,20,20,20,50
11/18/21 19:18,133,20,20,20,20,20,20,20,50
11/18/21 19:19,138,20,20,20,20,20,20,20,50
11/18/21 19:20,147,20,20,20,20,20,20,20,50
11/18/21 19:21,153,20,20,20,20,20,20,20,50
11/18/21 19:22,159,20,20,20,20,20,20,20,50
11/18/21 19:23,158,20,20,20,20,20,20,20,50
11/18/21 19:24,158,20,20,20,20,20,20,20,50
11/18/21 19:25,164,20,20,20,20,20,20,20,50
11/18/21 19:26,164,20,20,20,20,20,20,20,50
11/18/21 19:27,168,20,20,20,20,20,20,20,50
11/18/21 19:28,171,20,20,20,20,20,20,20,50
11/18/21 19:29,175,20,20,20,20,20,20,20,50
11/18/21 19:30,175,20,20,20,20,20,20,20,50
11/18/21 19:31,175,20,20,20,20,20,20,20,50
11/18/21 19:32,171,20,20,20,20,20,20,20,50
11/18/21 19:33,167,20,20,20,20,20,20,20,50
11/18/21 19:34,163,20,20,20,20,20,20,20,50
11/18/21 19:35,156,20,20,20,20,20,20,20,50
11/18/21 19:36,153,20,20,20,20,20,20,20,50
11/18/21 19:37,152,20,20,20,20,20,20,20,50
11/18/21 19:38,155,20,20,20,20,20,20,20,50
11/18/21 19:39,155,20,20,20,20,20,20,20,50
11/18/21 19:40,150,20,20,20,20,20,20,20,50
11/18/21 19:41,155,20,20,20,20,20,20,20,50
11/18/21 19:42,163,20,20,20,20,20,20,20,50
11/18/21 19:43,163,20,20,20,20,20,20,20,50
11/18/21 19:44,161,20,20,20,20,20,20,20,50
11/18/21 19:45,153,20,20,20,20,20,20,20,50
11/18/21 19:46,137,20,20,20,20,20,20,20,50
11/18/21 19:47,138,20,20,20,20,20,20,20,50
11/18/21 19:48,128,20,20,20,20,20,20,20,50
11/18/21 19:49,128,20,20,20,20,20,20,20,50
11/18/21 19:50,130,20,20,20,20,20,20,20,50
11/18/21 19:51,127,20,20,20,20,20,20,20,50
11/18/21 19:52,138,20,20,20,20,20,20,20,50
11/18/21 19:53,118,20,20,20,20,20,20,20,50
11/18/21 19:54,132,20,20,20,20,20,20,20,50
11/18/21 19:55,142,20,20,20,20,20,20,20,50
11/18/21 19:56,109,20,20,20,20,20,20,20,50
11/18/21 19:57,102,20,20,20,20,20,20,20,50
11/18/21 19:58,0,20,20,20,20,20,20,20,50
11/18/21 19:59,127,20,20,20,20,20,20,20,50
11/18/21 20:00,0,20,20,20,20,20,20,20,50
11/18/21 20:01,159,20,20,20,20,20,20,20,50
11/18/21 20:02,159,20,20,20,20,20,20,20,50
11/18/21 20:03,166,20,20,20,20,20,20,20,50
11/18/21 20:04,172,20,20,20,20,20,20,20,50
11/18/21 20:05,176,20,20,20,20,20,20,20,50
11/18/21 20:06,180,20,20,20,20,20,20,20,50
11/18/21 20:07,180,20,20,20,20,20,20,20,50
11/18/21 20:08,180,20,20,20,20,20,20,20,50
11/18/21 20:09,180,20,20,20,20,20,20,20,50
11/18/21 20:10,179,20,20,20,20,20,20,20,50
11/18/21 20:11,179,20,20,20,20,20,20,20,50
11/18/21 20:12,178,20,20,20,20,20,20,20,50
11/18/21 20:13,178,20,20,20,20,20,20,20,50
11/18/21 20:14,177,20,20,20,20,20,20,20,50
11/18/21 20:15,176,20,20,20,20,20,20,20,50
11/18/21 20:16,175,20,20,20,20,20,20,20,50
11/18/21 20:17,174,20,20,20,20,20,20,20,50
11/18/21 20:18,172,20,20,20,20,20,20,20,50
11/18/21 20:19,170,20,20,20,20,20,20,20,50
11/18/21 20:20,169,20,20,20,20,20,20,20,50
11/18/21 20:21,167,20,20,20,20,20,20,20,50
11/18/21 20:22,166,20,20,20,20,20,20,20,50
11/18/21 20:23,166,20,20,20,20,20,20,20,50
11/18/21 20:24,165,20,20,20,20,20,20,20,50
11/18/21 20:25,160,20,20,20,20,20,20,20,50
11/18/21 20:26,158,20,20,20,20,20,20,20,50
11/18/21 20:27,157,20,20,20,20,20,20,20,50
11/18/21 20:28,156,20,20,20,20,20,20,20,50
11/18/21 20:29,156,20,20,20,20,20,20,20,50
11/18/21 20:30,155,20,20,20,20,20,20,20,50
11/18/21 20:31,158,20,20,20,20,20,20,20,50
11/18/21 20:32,158,20,20,20,20,20,20,20,50
11/18/21 20:33,156,20,20,20,20,20,20,20,50
11/18/21 20:34,155,20,20,20,20,20,20,20,50
11/18/21 20:35,154,20,20,20,20,20,20,20,50
11/18/21 20:36,153,20,20,20,20,20,20,20,50
11/18/21 20:37,152,20,20,20,20,20,20,20,50
11/18/21 20:38,150,20,20,20,20,20,20,20,50
11/18/21 20:39,149,20,20,20,20,20,20,20,50
11/18/21 20:40,148,20,20,20,20,20,20,20,50
11/18/21 20:41,148,20,20,20,20,20,20,20,50
11/18/21 20:42,147,20,20,20,20,20,20,20,50
11/18/21 20:43,147,20,20,20,20,20,20,20,50
11/18/21 20:44,146,20,20,20,20,20,20,20,50
11/18/21 20:45,146,20,20,20,20,20,20,20,50
11/18/21 20:46,145,20,20,20,20,20,20,20,50
11/18/21 20:47,145,20,20,20,20,20,20,20,50
11/18/21 20:48,144,20,20,20,20,20,20,20,50
11/18/21 20:49,143,20,20,20,20,20,20,20,50
11/18/21 20:50,143,20,20,20,20,20,20,20,50
11/18/21 20:51,142,20,20,20,20,20,20,20,50
11/18/21 20:52,141,20,20,20,20,20,20,20,50
11/18/21 20:53,140,20,20,20,20,20,20,20,50
11/18/21 20:54,139,20,20,20,20,20,20,20,50
11/18/21 20:55,138,20,20,20,20,20,20,20,50
11/18/21 20:56,138,20,20,20,20,20,20,20,50
11/18/21 20:57,138,20,20,20,20,20,20,20,50
11/18/21 20:58,137,20,20,20,20,20,20,20,50
11/18/21 20:59,137,20,20,20,20,20,20,20,50
11/18/21 21:00,137,20,20,20,20,20,20,20,50
11/18/21 21:01,136,20,20,20,20,20,20,20,50
11/18/21 21:02,136,20,20,20,20,20,20,20,50
11/18/21 21:03,135,20,20,20,20,20,20,20,50
11/18/21 21:04,134,20,20,20,20,20,20,20,50
11/18/21 21:05,134,20,20,20,20,20,20,20,50
11/18/21 21:06,133,20,20,20,20,20,20,20,50
11/18/21 21:07,132,20,20,20,20,20,20,20,50
11/18/21 21:08,132,20,20,20,20,20,20,20,50
11/18/21 21:09,132,20,20,20,20,20,20,20,50
11/18/21 21:10,131,20,20,20,20,20,20,20,50
11/18/21 21:11,131,20,20,20,20,20,20,20,50
11/18/21 21:12,131,20,20,20,20,20,20,20,50
11/18/21 21:13,131,20,20,20,20,20,20,20,50
11/18/21 21:14,130,20,20,20,20,20,20,20,50
11/18/21 21:15,130,20,20,20,20,20,20,20,50
11/18/21 21:16,130,20,20,20,20,20,20,20,50
11/18/21 21:17,130,20,20,20,20,20,20,20,50
11/18/21 21:18,129,20,20,20,20,20,20,20,50
11/18/21 21:19,129,20,20,20,20,20,20,20,50
11/18/21 21:20,128,20,20,20,20,20,20,20,50
11/18/21 21:21,128,20,20,20,20,20,20,20,50
11/18/21 21:22,127,20,20,20,20,20,20,20,50
11/18/21 21:23,127,20,20,20,20,20,20,20,50
11/18/21 21:24,126,20,20,20,20,20,20,20,50
11/18/21 21:25,126,20,20,20,20,20,20,20,50
11/18/21 21:26,125,20,20,20,20,20,20,20,50
11/18/21 21:27,125,20,20,20,20,20,20,20,50
11/18/21 21:28,125,20,20,20,20,20,20,20,50
11/18/21 21:29,124,20,20,20,20,20,20,20,50
11/18/21 21:30,123,20,20,20,20,20,20,20,50
11/18/21 21:31,123,20,20,20,20,20,20,20,50
11/18/21 21:32,124,20,20,20,20,20,20,20,50
11/18/21 21:33,123,20,20,20,20,20,20,20,50
11/18/21 21:34,122,20,20,20,20,20,20,20,50
11/18/21 21:35,122,20,20,20,20,20,20,20,50
11/18/21 21:36,122,20,20,20,20,20,20,20,50
11/18/21 21:37,122,20,20,20,20,20,20,20,50
11/18/21 21:38,121,20,20,20,20,20,20,20,50
11/18/21 21:39,120,20,20,20,20,20,20,20,50
11/18/21 21:40,120,20,20,20,20,20,20,20,50
11/18/21 21:41,120,20,20,20,20,20,20,20,50
11/18/21 21:42,120,20,20,20,20,20,20,20,50
11/18/21 21:43,121,20,20,20,20,20,20,20,50
11/18/21 21:44,121,20,20,20,20,20,20,20,50
11/18/21 21:45,121,20,20,20,20,20,20,20,50
11/18/21 21:46,98,20,20,20,20,20,20,20,50
11/18/21 21:47,85,20,20,20,20,20,20,20,50
11/18/21 21:48,96,20,20,20,20,20,20,20,50
11/18/21 21:49,94,20,20,20,20,20,20,20,50
11/18/21 21:50,96,20,20,20,20,20,20,20,50
11/18/21 21:51,100,20,20,20,20,20,20,20,50
11/18/21 21:52,104,20,20,20,20,20,20,20,50
11/18/21 21:53,106,20,20,20,20,20,20,20,50
11/18/21 21:54,108,20,20,20,20,20,20,20,50
11/18/21 21:55,113,20,20,20,20,20,20,20,50
11/18/21 21:56,115,20,20,20,20,20,20,20,50
11/18/21 21:57,115,20,20,20,20,20,20,20,50
11/18/21 21:58,115,20,20,20,20,20,20,20,50
11/18/21 21:59,115,20,20,20,20,20,20,20,50
11/18/21 22:00,115,20,20,20,20,20,20,20,50
11/18/21 22:01,114,20,20,20,20,20,20,20,50
11/18/21 22:02,114,20,20,20,20,20,20,20,50
11/18/21 22:03,114,20,20,20,20,20,20,20,50
11/18/21 22:04,114,20,20,20,20,20,20,20,50
11/18/21 22:05,114,20,20,20,20,20,20,20,50
11/18/21 22:06,114,20,20,20,20,20,20,20,50
11/18/21 22:07,114,20,20,20,20,20,20,20,50
11/18/21 22:08,113,20,20,20,20,20,20,20,50
11/18/21 22:09,112,20,20,20,20,20,20,20,50
11/18/21 22:10,112,20,20,20,20,20,20,20,50
11/18/21 22:11,112,20,20,20,20,20,20,20,50
11/18/21 22:12,112,20,20,20,20,20,20,20,50
11/18/21 22:13,112,20,20,20,20,20,20,20,50
11/18/21 22:14,113,20,20,20,20,20,20,20,50
11/18/21 22:15,114,20,20,20,20,20,20,20,50
11/18/21 22:16,115,20,20,20,20,20,20,20,50
11/18/21 22:17,115,20,20,20,20,20,20,20,50
11/18/21 22:18,114,20,20,20,20,20,20,20,50
11/18/21 22:19,115,20,20,20,20,20,20,20,50
11/18/21 22:20,116,20,20,20,20,20,20,20,50
11/18/21 22:21,116,20,20,20,20,20,20,20,50
11/18/21 22:22,115,20,20,20,20,20,20,20,50
11/18/21 22:23,115,20,20,20,20,20,20,20,50
11/18/21 22:24,116,20,20,20,20,20,20,20,50
11/18/21 22:25,116,20,20,20,20,20,20,20,50
11/18/21 22:26,116,20,20,20,20,20,20,20,50
11/18/21 22:27,116,20,20,20,20,20,20,20,50
11/18/21 22:28,116,20,20,20,20,20,20,20,50
11/18/21 22:29,116,20,20,20,20,20,20,20,50
11/18/21 22:30,117,20,20,20,20,20,20,20,50
11/18/21 22:31,117,20,20,20,20,20,20,20,50
11/18/21 22:32,117,20,20,20,20,20,20,20,50
11/18/21 22:33,118,20,20,20,20,20,20,20,50
11/18/21 22:34,119,20,20,20,20,20,20,20,50
11/18/21 22:35,120,20,20,20,20,20,20,20,50
11/18/21 22:36,120,20,20,20,20,20,20,20,50
11/18/21 22:37,121,20,20,20,20,20,20,20,50
11/18/21 22:38,121,20,20,20,20,20,20,20,50
11/18/21 22:39,122,20,20,20,20,20,20,20,50
11/18/21 22:40,123,20,20,20,20,20,20,20,50
11/18/21 22:41,124,20,20,20,20,20,20,20,50
11/18/21 22:42,125,20,20,20,20,20,20,20,50
11/18/21 22:43,126,20,20,20,20,20,20,20,50
11/18/21 22:44,126,20,20,20,20,20,20,20,50
11/18/21 22:45,126,20,20,20,20,20,20,20,50
11/18/21 22:46,127,20,20,20,20,20,20,20,50
11/18/21 22:47,127,20,20,20,20,20,20,20,50
11/18/21 22:48,128,20,20,20,20,20,20,20,50
11/18/21 22:49,128,20,20,20,20,20,20,20,50
11/18/21 22:50,128,20,20,20,20,20,20,20,50
11/18/21 22:51,127,20,20,20,20,20,20,20,50
11/18/21 22:52,126,20,20,20,20,20,20,20,50
11/18/21 22:53,126,20,20,20,20,20,20,20,50
11/18/21 22:54,126,20,20,20,20,20,20,20,50
11/18/21 22:55,125,20,20,20,20,20,20,20,50
11/18/21 22:56,125,20,20,20,20,20,20,20,50
11/18/21 22:57,125,20,20,20,20,20,20,20,50
11/18/21 22:58,126,20,20,20,20,20,20,20,50
11/18/21 22:59,128,20,20,20,20,20,20,20,50
11/18/21 23:00,129,20,20,20,20,20,20,20,50
11/18/21 23:01,129,20,20,20,20,20,20,20,50
11/18/21 23:02,131,20,20,20,20,20,20,20,50
11/18/21 23:03,133,20,20,20,20,20,20,20,50
11/18/21 23:04,133,20,20,20,20,20,20,20,50
11/18/21 23:05,134,20,20,20,20,20,20,20,50
11/18/21 23:06,135,20,20,20,20,20,20,20,50
11/18/21 23:07,135,20,20,20,20,20,20,20,50
11/18/21 23:08,136,20,20,20,20,20,20,20,50
11/18/21 23:09,136,20,20,20,20,20,20,20,50
11/18/21 23:10,136,20,20,20,20,20,20,20,50
11/18/21 23:11,137,20,20,20,20,20,20,20,50
11/18/21 23:12,138,20,20,20,20,20,20,20,50
11/18/21 23:13,138,20,20,20,20,20,20,20,50
11/18/21 23:14,138,20,20,20,20,20,20,20,50
11/18/21 23:15,138,20,20,20,20,20,20,20,50
11/18/21 23:16,139,20,20,20,20,20,20,20,50
11/18/21 23:17,140,20,20,20,20,20,20,20,50
11/18/21 23:18,140,20,20,20,20,20,20,20,50
11/18/21 23:19,140,20,20,20,20,20,20,20,50
11/18/21 23:20,140,20,20,20,20,20,20,20,50
11/18/21 23:21,141,20,20,20,20,20,20,20,50
11/18/21 23:22,142,20,20,20,20,20,20,20,50
11/18/21 23:23,142,20,20,20,20,20,20,20,50
11/18/21 23:24,142,20,20,20,20,20,20,20,50
11/18/21 23:25,142,20,20,20,20,20,20,20,50
11/18/21 23:26,142,20,20,20,20,20,20,20,50
11/18/21 23:27,143,20,20,20,20,20,20,20,50
11/18/21 23:28,143,20,20,20,20,20,20,20,50
11/18/21 23:29,143,20,20,20,20,20,20,20,50
11/18/21 23:30,144,20,20,20,20,20,20,20,50
11/18/21 23:31,144,20,20,20,20,20,20,20,50
11/18/21 23:32,145,20,20,20,20,20,20,20,50
11/18/21 23:33,145,20,20,20,20,20,20,20,50
11/18/21 23:34,145,20,20,20,20,20,20,20,50
11/18/21 23:35,146,20,20,20,20,20,20,20,50
11/18/21 23:36,147,20,20,20,20,20,20,20,50
11/18/21 23:37,147,20,20,20,20,20,20,20,50
11/18/21 23:38,148,20,20,20,20,20,20,20,50
11/18/21 23:39,148,20,20,20,20,20,20,20,50
11/18/21 23:40,148,20,20,20,20,20,20,20,50
11/18/21 23:41,148,20,20,20,20,20,20,20,50
11/18/21 23:42,148,20,20,20,20,20,20,20,50
11/18/21 23:43,148,20,20,20,20,20,20,20,50
11/18/21 23:44,148,20,20,20,20,20,20,20,50
11/18/21 23:45,148,20,20,20,20,20,20,20,50
11/18/21 23:46,149,20,20,20,20,20,20,20,50
11/18/21 23:47,150,20,20,20,20,20,20,20,50
11/18/21 23:48,151,20,20,20,20,20,20,20,50
11/18/21 23:49,151,20,20,20,20,20,20,20,50
11/18/21 23:50,152,20,20,20,20,20,20,20,50
11/18/21 23:51,152,20,20,20,20,20,20,20,50
11/18/21 23:52,153,20,20,20,20,20,20,20,50
11/18/21 23:53,153,20,20,20,20,20,20,20,50
11/18/21 23:54,154,20,20,20,20,20,20,20,50
11/18/21 23:55,154,20,20,20,20,20,20,20,50
11/18/21 23:56,155,20,20,20,20,20,20,20,50
11/18/21 23:57,155,20,20,20,20,20,20,20,50
11/18/21 23:58,156,20,20,20,20,20,20,20,50
11/18/21 23:59,157,20,20,20,20,20,20,20,50
11/19/21 0:00,157,20,20,20,20,20,20,20,50
11/19/21 0:01,157,20,20,20,20,20,20,20,50
11/19/21 0:02,157,20,20,20,20,20,20,20,50
11/19/21 0:03,157,20,20,20,20,20,20,20,50
11/19/21 0:04,157,20,20,20,20,20,20,20,50
11/19/21 0:05,157,20,20,20,20,20,20,20,50
11/19/21 0:06,157,20,20,20,20,20,20,20,50
11/19/21 0:07,157,20,20,20,20,20,20,20,50
11/19/21 0:08,157,20,20,20,20,20,20,20,50
11/19/21 0:09,158,20,20,20,20,20,20,20,50
11/19/21 0:10,159,20,20,20,20,20,20,20,50
11/19/21 0:11,159,20,20,20,20,20,20,20,50
11/19/21 0:12,159,20,20,20,20,20,20,20,50
11/19/21 0:13,159,20,20,20,20,20,20,20,50
11/19/21 0:14,159,20,20,20,20,20,20,20,50
11/19/21 0:15,159,20,20,20,20,20,20,20,50
11/19/21 0:16,159,20,20,20,20,20,20,20,50
11/19/21 0:17,158,20,20,20,20,20,20,20,50
11/19/21 0:18,158,20,20,20,20,20,20,20,50
11/19/21 0:19,158,20,20,20,20,20,20,20,50
11/19/21 0:20,157,20,20,20,20,20,20,20,50
11/19/21 0:21,157,20,20,20,20,20,20,20,50
11/19/21 0:22,157,20,20,20,20,20,20,20,50
11/19/21 0:23,158,20,20,20,20,20,20,20,50
11/19/21 0:24,159,20,20,20,20,20,20,20,50
11/19/21 0:25,159,20,20,20,20,20,20,20,50
11/19/21 0:26,159,20,20,20,20,20,20,20,50
11/19/21 0:27,160,20,20,20,20,20,20,20,50
11/19/21 0:28,160,20,20,20,20,20,20,20,50
11/19/21 0:29,160,20,20,20,20,20,20,20,50
11/19/21 0:30,160,20,20,20,20,20,20,20,50
11/19/21 0:31,161,20,20,20,20,20,20,20,50
11/19/21 0:32,161,20,20,20,20,20,20,20,50
11/19/21 0:33,161,20,20,20,20,20,20,20,50
11/19/21 0:34,161,20,20,20,20,20,20,20,50
11/19/21 0:35,161,20,20,20,20,20,20,20,50
11/19/21 0:36,161,20,20,20,20,20,20,20,50
11/19/21 0:37,161,20,20,20,20,20,20,20,50
11/19/21 0:38,162,20,20,20,20,20,20,20,50
11/19/21 0:39,162,20,20,20,20,20,20,20,50
11/19/21 0:40,163,20,20,20,20,20,20,20,50
11/19/21 0:41,164,20,20,20,20,20,20,20,50
11/19/21 0:42,164,20,20,20,20,20,20,20,50
11/19/21 0:43,164,20,20,20,20,20,20,20,50
11/19/21 0:44,164,20,20,20,20,20,20,20,50
11/19/21 0:45,164,20,20,20,20,20,20,20,50
11/19/21 0:46,165,20,20,20,20,20,20,20,50
11/19/21 0:47,166,20,20,20,20,20,20,20,50
11/19/21 0:48,166,20,20,20,20,20,20,20,50
11/19/21 0:49,166,20,20,20,20,20,20,20,50
11/19/21 0:50,167,20,20,20,20,20,20,20,50
11/19/21 0:51,167,20,20,20,20,20,20,20,50
11/19/21 0:52,168,20,20,20,20,20,20,20,50
11/19/21 0:53,168,20,20,20,20,20,20,20,50
11/19/21 0:54,168,20,20,20,20,20,20,20,50
11/19/21 0:55,169,20,20,20,20,20,20,20,50
11/19/21 0:56,170,20,20,20,20,20,20,20,50
11/19/21 0:57,170,20,20,20,20,20,20,20,50
11/19/21 0:58,169,20,20,20,20,20,20,20,50
11/19/21 0:59,169,20,20,20,20,20,20,20,50
11/19/21 1:00,170,20,20,20,20,20,20,20,50
11/19/21 1:01,170,20,20,20,20,20,20,20,50
11/19/21 1:02,170,20,20,20,20,20,20,20,50
11/19/21 1:03,171,20,20,20,20,20,20,20,50
11/19/21 1:04,172,20,20,20,20,20,20,20,50
11/19/21 1:05,172,20,20,20,20,20,20,20,50
11/19/21 1:06,172,20,20,20,20,20,20,20,50
11/19/21 1:07,172,20,20,20,20,20,20,20,50
11/19/21 1:08,172,20,20,20,20,20,20,20,50
11/19/21 1:09,172,20,20,20,20,20,20,20,50
11/19/21 1:10,172,20,20,20,20,20,20,20,50
11/19/21 1:11,173,20,20,20,20,20,20,20,50
11/19/21 1:12,173,20,20,20,20,20,20,20,50
11/19/21 1:13,174,20,20,20,20,20,20,20,50
11/19/21 1:14,173,20,20,20,20,20,20,20,50
11/19/21 1:15,173,20,20,20,20,20,20,20,50
11/19/21 1:16,173,20,20,20,20,20,20,20,50
11/19/21 1:17,173,20,20,20,20,20,20,20,50
11/19/21 1:18,173,20,20,20,20,20,20,20,50
11/19/21 1:19,173,20,20,20,20,20,20,20,50
11/19/21 1:20,173,20,20,20,20,20,20,20,50
11/19/21 1:21,174,20,20,20,20,20,20,20,50
11/19/21 1:22,174,20,20,20,20,20,20,20,50
11/19/21 1:23,174,20,20,20,20,20,20,20,50
11/19/21 1:24,174,20,20,20,20,20,20,20,50
11/19/21 1:25,175,20,20,20,20,20,20,20,50
11/19/21 1:26,175,20,20,20,20,20,20,20,50
11/19/21 1:27,176,20,20,20,20,20,20,20,50
11/19/21 1:28,176,20,20,20,20,20,20,20,50
11/19/21 1:29,172,20,20,20,20,20,20,20,50
11/19/21 1:30,172,20,20,20,20,20,20,20,50
11/19/21 1:31,172,20,20,20,20,20,20,20,50
11/19/21 1:32,172,20,20,20,20,20,20,20,50
11/19/21 1:33,172,20,20,20,20,20,20,20,50
11/19/21 1:34,172,20,20,20,20,20,20,20,50
11/19/21 1:35,176,20,20,20,20,20,20,20,50
11/19/21 1:36,177,20,20,20,20,20,20,20,50
11/19/21 1:37,177,20,20,20,20,20,20,20,50
11/19/21 1:38,178,20,20,20,20,20,20,20,50
11/19/21 1:39,178,20,20,20,20,20,20,20,50
11/19/21 1:40,178,20,20,20,20,20,20,20,50
11/19/21 1:41,178,20,20,20,20,20,20,20,50
11/19/21 1:42,178,20,20,20,20,20,20,20,50
11/19/21 1:43,177,20,20,20,20,20,20,20,50
11/19/21 1:44,177,20,20,20,20,20,20,20,50
11/19/21 1:45,177,20,20,20,20,20,20,20,50
11/19/21 1:46,176,20,20,20,20,20,20,20,50
11/19/21 1:47,176,20,20,20,20,20,20,20,50
11/19/21 1:48,177,20,20,20,20,20,20,20,50
11/19/21 1:49,177,20,20,20,20,20,20,20,50
11/19/21 1:50,178,20,20,20,20,20,20,20,50
11/19/21 1:51,178,20,20,20,20,20,20,20,50
11/19/21 1:52,178,20,20,20,20,20,20,20,50
11/19/21 1:53,179,20,20,20,20,20,20,20,50
11/19/21 1:54,179,20,20,20,20,20,20,20,50
11/19/21 1:55,180,20,20,20,20,20,20,20,50
11/19/21 1:56,180,20,20,20,20,20,20,20,50
11/19/21 1:57,180,20,20,20,20,20,20,20,50
11/19/21 1:58,179,20,20,20,20,20,20,20,50
11/19/21 1:59,179,20,20,20,20,20,20,20,50
11/19/21 2:00,179,20,20,20,20,20,20,20,50
11/19/21 2:01,179,20,20,20,20,20,20,20,50
11/19/21 2:02,179,20,20,20,20,20,20,20,50
11/19/21 2:03,180,20,20,20,20,20,20,20,50
11/19/21 2:04,180,20,20,20,20,20,20,20,50
11/19/21 2:05,180,20,20,20,20,20,20,20,50
11/19/21 2:06,180,20,20,20,20,20,20,20,50
11/19/21 2:07,180,20,20,20,20,20,20,20,50
11/19/21 2:08,181,20,20,20,20,20,20,20,50
11/19/21 2:09,182,20,20,20,20,20,20,20,50
11/19/21 2:10,182,20,20,20,20,20,20,20,50
11/19/21 2:11,183,20,20,20,20,20,20,20,50
11/19/21 2:12,183,20,20,20,20,20,20,20,50
11/19/21 2:13,183,20,20,20,20,20,20,20,50
11/19/21 2:14,183,20,20,20,20,20,20,20,50
11/19/21 2:15,183,20,20,20,20,20,20,20,50
11/19/21 2:16,183,20,20,20,20,20,20,20,50
11/19/21 2:17,183,20,20,20,20,20,20,20,50
11/19/21 2:18,184,20,20,20,20,20,20,20,50
11/19/21 2:19,184,20,20,20,20,20,20,20,50
11/19/21 2:20,185,20,20,20,20,20,20,20,50
11/19/21 2:21,185,20,20,20,20,20,20,20,50
11/19/21 2:22,185,20,20,20,20,20,20,20,50
11/19/21 2:23,185,20,20,20,20,20,20,20,50
11/19/21 2:24,185,20,20,20,20,20,20,20,50
11/19/21 2:25,185,20,20,20,20,20,20,20,50
11/19/21 2:26,185,20,20,20,20,20,20,20,50
11/19/21 2:27,185,20,20,20,20,20,20,20,50
11/19/21 2:28,185,20,20,20,20,20,20,20,50
11/19/21 2:29,185,20,20,20,20,20,20,20,50
11/19/21 2:30,185,20,20,20,20,20,20,20,50
11/19/21 2:31,186,20,20,20,20,20,20,20,50
11/19/21 2:32,186,20,20,20,20,20,20,20,50
11/19/21 2:33,187,20,20,20,20,20,20,20,50
11/19/21 2:34,187,20,20,20,20,20,20,20,50
11/19/21 2:35,187,20,20,20,20,20,20,20,50
11/19/21 2:36,187,20,20,20,20,20,20,20,50
11/19/21 2:37,187,20,20,20,20,20,20,20,50
11/19/21 2:38,187,20,20,20,20,20,20,20,50
11/19/21 2:39,187,20,20,20,20,20,20,20,50
11/19/21 2:40,188,20,20,20,20,20,20,20,50
11/19/21 2:41,188,20,20,20,20,20,20,20,50
11/19/21 2:42,187,20,20,20,20,20,20,20,50
11/19/21 2:43,187,20,20,20,20,20,20,20,50
11/19/21 2:44,187,20,20,20,20,20,20,20,50
11/19/21 2:45,187,20,20,20,20,20,20,20,50
11/19/21 2:46,187,20,20,20,20,20,20,20,50
11/19/21 2:47,187,20,20,20,20,20,20,20,50
11/19/21 2:48,187,20,20,20,20,20,20,20,50
11/19/21 2:49,187,20,20,20,20,20,20,20,50
11/19/21 2:50,188,20,20,20,20,20,20,20,50
11/19/21 2:51,188,20,20,20,20,20,20,20,50
11/19/21 2:52,189,20,20,20,20,20,20,20,50
11/19/21 2:53,189,20,20,20,20,20,20,20,50
11/19/21 2:54,189,20,20,20,20,20,20,20,50
11/19/21 2:55,189,20,20,20,20,20,20,20,50
11/19/21 2:56,189,20,20,20,20,20,20,20,50
11/19/21 2:57,189,20,20,20,20,20,20,20,50
11/19/21 2:58,189,20,20,20,20,20,20,20,50
11/19/21 2:59,189,20,20,20,20,20,20,20,50
11/19/21 3:00,189,20,20,20,20,20,20,20,50
11/19/21 3:01,189,20,20,20,20,20,20,20,50
11/19/21 3:02,189,20,20,20,20,20,20,20,50
11/19/21 3:03,189,20,20,20,20,20,20,20,50
11/19/21 3:04,189,20,20,20,20,20,20,20,50
11/19/21 3:05,189,20,20,20,20,20,20,20,50
11/19/21 3:06,189,20,20,20,20,20,20,20,50
11/19/21 3:07,189,20,20,20,20,20,20,20,50
11/19/21 3:08,189,20,20,20,20,20,20,20,50
11/19/21 3:09,189,20,20,20,20,20,20,20,50
11/19/21 3:10,189,20,20,20,20,20,20,20,50
11/19/21 3:11,189,20,20,20,20,20,20,20,50
11/19/21 3:12,190,20,20,20,20,20,20,20,50
11/19/21 3:13,190,20,20,20,20,20,20,20,50
11/19/21 3:14,191,20,20,20,20,20,20,20,50
11/19/21 3:15,191,20,20,20,20,20,20,20,50
11/19/21 3:16,192,20,20,20,20,20,20,20,50
11/19/21 3:17,192,20,20,20,20,20,20,20,50
11/19/21 3:18,192,20,20,20,20,20,20,20,50
11/19/21 3:19,192,20,20,20,20,20,20,20,50
11/19/21 3:20,192,20,20,20,20,20,20,20,50
11/19/21 3:21,192,20,20,20,20,20,20,20,50
11/19/21 3:22,192,20,20,20,20,20,20,20,50
11/19/21 3:23,192,20,20,20,20,20,20,20,50
11/19/21 3:24,192,20,20,20,20,20,20,20,50
11/19/21 3:25,192,20,20,20,20,20,20,20,50
11/19/21 3:26,192,20,20,20,20,20,20,20,50
11/19/21 3:27,192,20,20,20,20,20,20,20,50
11/19/21 3:28,192,20,20,20,20,20,20,20,50
11/19/21 3:29,192,20,20,20,20,20,20,20,50
11/19/21 3:30,192,20,20,20,20,20,20,20,50
11/19/21 3:31,192,20,20,20,20,20,20,20,50
11/19/21 3:32,193,20,20,20,20,20,20,20,50
11/19/21 3:33,193,20,20,20,20,20,20,20,50
11/19/21 3:34,193,20,20,20,20,20,20,20,50
11/19/21 3:35,193,20,20,20,20,20,20,20,50
11/19/21 3:36,193,20,20,20,20,20,20,20,50
11/19/21 3:37,193,20,20,20,20,20,20,20,50
11/19/21 3:38,192,20,20,20,20,20,20,20,50
11/19/21 3:39,192,20,20,20,20,20,20,20,50
11/19/21 3:40,192,20,20,20,20,20,20,20,50
11/19/21 3:41,193,20,20,20,20,20,20,20,50
11/19/21 3:42,193,20,20,20,20,20,20,20,50
11/19/21 3:43,193,20,20,20,20,20,20,20,50
11/19/21 3:44,194,20,20,20,20,20,20,20,50
11/19/21 3:45,194,20,20,20,20,20,20,20,50
11/19/21 3:46,194,20,20,20,20,20,20,20,50
11/19/21 3:47,194,20,20,20,20,20,20,20,50
11/19/21 3:48,194,20,20,20,20,20,20,20,50
11/19/21 3:49,194,20,20,20,20,20,20,20,50
11/19/21 3:50,194,20,20,20,20,20,20,20,50
11/19/21 3:51,194,20,20,20,20,20,20,20,50
11/19/21 3:52,194,20,20,20,20,20,20,20,50
11/19/21 3:53,190,20,20,20,20,20,20,20,50
11/19/21 3:54,186,20,20,20,20,20,20,20,50
11/19/21 3:55,186,20,20,20,20,20,20,20,50
11/19/21 3:56,186,20,20,20,20,20,20,20,50
11/19/21 3:57,186,20,20,20,20,20,20,20,50
11/19/21 3:58,187,20,20,20,20,20,20,20,50
11/19/21 3:59,191,20,20,20,20,20,20,20,50
11/19/21 4:00,195,20,20,20,20,20,20,20,50
11/19/21 4:01,195,20,20,20,20,20,20,20,50
11/19/21 4:02,195,20,20,20,20,20,20,20,50
11/19/21 4:03,195,20,20,20,20,20,20,20,50
11/19/21 4:04,194,20,20,20,20,20,20,20,50
11/19/21 4:05,194,20,20,20,20,20,20,20,50
11/19/21 4:06,194,20,20,20,20,20,20,20,50
11/19/21 4:07,194,20,20,20,20,20,20,20,50
11/19/21 4:08,194,20,20,20,20,20,20,20,50
11/19/21 4:09,195,20,20,20,20,20,20,20,50
11/19/21 4:10,195,20,20,20,20,20,20,20,50
11/19/21 4:11,196,20,20,20,20,20,20,20,50
11/19/21 4:12,196,20,20,20,20,20,20,20,50
11/19/21 4:13,197,20,20,20,20,20,20,20,50
11/19/21 4:14,197,20,20,20,20,20,20,20,50
11/19/21 4:15,196,20,20,20,20,20,20,20,50
11/19/21 4:16,196,20,20,20,20,20,20,20,50
11/19/21 4:17,196,20,20,20,20,20,20,20,50
11/19/21 4:18,196,20,20,20,20,20,20,20,50
11/19/21 4:19,196,20,20,20,20,20,20,20,50
11/19/21 4:20,196,20,20,20,20,20,20,20,50
11/19/21 4:21,197,20,20,20,20,20,20,20,50
11/19/21 4:22,197,20,20,20,20,20,20,20,50