time, HR, accelerometer1x, accelerometer1y, accelerometer1z, strain guage, accelerometer2x, accelerometer2y, accelerometer2z
2021-11-30 21:05:41.783697, 53, 0.04, 0.12, -8.63, -0.1
2021-11-30 21:05:41.990581, 51, 0.00, 0.12, -8.63, -0.1
2021-11-30 21:05:42.179779, 51, 0.00, 0.00, -8.59, -0.1
2021-11-30 21:05:42.392777, 51, 0.04, 0.12, -8.63, -0.1
2021-11-30 21:05:42.604979, 51, 0.08, 0.00, -8.59, -0.1
2021-11-30 21:05:42.794081, 51, 0.00, 0.08, -8.39, -0.1
2021-11-30 21:05:42.995188, 51, 0.08, 0.00, -8.51, -0.1
2021-11-30 21:05:43.192954, 51, 0.08, 0.04, -8.47, -0.1
2021-11-30 21:05:43.389999, 51, 0.08, 0.00, -8.79, -0.1
2021-11-30 21:05:43.604708, 51, 0.24, 0.20, -10.04, -0.1
2021-11-30 21:05:43.806916, 51, 0.16, 0.04, -8.79, -0.1
2021-11-30 21:05:44.006561, 51, 0.00, 2.98, -24.79, -0.1
2021-11-30 21:05:44.214963, 51, 5.06, 0.94, -16.95, -0.1
2021-11-30 21:05:44.405067, 51, 10.43, 0.00, 31.70, -0.1
2021-11-30 21:05:44.620469, 51, 10.12, -18.12, -7.45, -0.1
2021-11-30 21:05:44.819197, 51, 0.75, 0.31, -16.95, -0.1
2021-11-30 21:05:45.019642, 51, 0.35, -5.02, 7.69, -0.1
2021-11-30 21:05:45.211610, 51, 0.78, 3.96, 3.14, -0.1
2021-11-30 21:05:45.424148, 51, 0.00, 0.51, -6.20, -0.1
2021-11-30 21:05:45.632446, 51, 0.12, 0.00, -4.59, -0.1
2021-11-30 21:05:45.823446, 51, 10.04, 1.37, 1.33, -0.1
2021-11-30 21:05:46.025116, 51, 10.08, 10.67, 1.33, -0.1
2021-11-30 21:05:46.221420, 0, 4.08, 1.49, -19.93, -0.1
2021-11-30 21:05:46.422169, 0, 0.31, 0.04, 8.08, -0.1
2021-11-30 21:05:46.606742, 0, 2.20, 0.16, -9.65, -0.1
2021-11-30 21:05:46.821751, 0, 2.51, 1.26, -39.85, -0.1
2021-11-30 21:05:47.027291, 0, 0.47, 0.98, 12.04, -0.1
2021-11-30 21:05:47.220559, 0, 10.20, 0.67, -4.98, -0.1
2021-11-30 21:05:47.424303, 0, 10.04, 3.73, -40.17, -0.1
2021-11-30 21:05:47.626390, 0, 10.40, 0.00, -14.87, -0.1
2021-11-30 21:05:47.820567, 0, 0.00, 0.16, 1.41, -0.1
2021-11-30 21:05:48.031336, 0, 8.79, 1.96, 10.04, -0.1
2021-11-30 21:05:48.240770, 0, 4.43, 1.26, -5.02, -0.1
2021-11-30 21:05:48.418314, 0, 10.36, 0.20, -26.91, -0.1
2021-11-30 21:05:48.639337, 0, 10.32, 0.20, -20.08, -0.1
2021-11-30 21:05:48.836912, 0, 0.35, 0.35, -24.79, -0.1
2021-11-30 21:05:49.031369, 0, 0.00, -5.57, -9.81, -0.1
2021-11-30 21:05:49.217400, 39, 0.55, 0.00, -9.41, -0.1
2021-11-30 21:05:49.439141, 39, 1.33, 1.29, 36.76, -0.1
2021-11-30 21:05:49.659790, 39, 0.16, 0.00, -10.04, -0.1
2021-11-30 21:05:49.836172, 39, 10.36, 0.47, -40.17, -0.1
2021-11-30 21:05:50.044823, 39, 6.28, -6.75, -40.17, -0.1
2021-11-30 21:05:50.244338, 39, 0.08, 1.29, -40.17, -0.1
2021-11-30 21:05:50.444387, 39, 1.26, 0.71, -19.93, -0.1
2021-11-30 21:05:50.648127, 39, 10.16, 1.45, 0.55, -0.1
2021-11-30 21:05:50.851179, 39, 8.87, 0.43, 2.86, -0.1
2021-11-30 21:05:51.051251, 39, 4.55, 2.59, 0.04, -0.1
2021-11-30 21:05:51.255923, 39, 0.71, 1.41, -25.81, -0.1
2021-11-30 21:05:51.446747, 39, 10.55, 1.41, 7.57, -0.1
2021-11-30 21:05:51.651258, 39, 2.51, 0.00, -29.03, -0.1
2021-11-30 21:05:51.862952, 39, 2.20, 0.00, 10.67, -0.1
2021-11-30 21:05:52.046179, 39, 1.96, 0.86, -19.73, -0.1
2021-11-30 21:05:52.261115, 39, 9.41, 1.73, 0.63, -0.1
2021-11-30 21:05:52.439614, 39, 0.04, 1.49, -9.61, -0.1
2021-11-30 21:05:52.637251, 39, 0.08, 0.16, -2.20, -0.1
2021-11-30 21:05:52.856534, 39, 0.00, 0.04, 0.71, -0.1
2021-11-30 21:05:53.055252, 39, 0.12, 0.00, -9.30, -0.1
2021-11-30 21:05:53.255898, 39, 0.00, 1.26, -4.98, -0.1
2021-11-30 21:05:53.458100, 39, 10.20, 1.29, -18.67, -0.1
2021-11-30 21:05:53.662752, 0, 0.00, 0.47, 36.52, -0.1
2021-11-30 21:05:53.864639, 0, 0.35, 1.33, 5.41, -0.1
2021-11-30 21:05:54.069502, 0, 7.69, 1.02, -10.04, -0.1
2021-11-30 21:05:54.261129, 0, 4.08, 1.49, 0.04, -0.1
2021-11-30 21:05:54.450384, 0, 7.77, 1.26, -30.01, -0.1
2021-11-30 21:05:54.654598, 0, 0.67, 1.33, 17.61, -0.1
2021-11-30 21:05:54.870659, 0, 10.08, 0.00, -12.47, -0.1
2021-11-30 21:05:55.071777, 0, 10.12, 0.20, 10.08, -0.1
2021-11-30 21:05:55.274313, 0, 0.16, 0.67, 2.55, -0.1
2021-11-30 21:05:55.476212, 0, 5.65, 0.31, 2.67, -0.1
2021-11-30 21:05:55.666204, 0, 10.04, 0.20, -4.94, -0.1
2021-11-30 21:05:55.878527, 0, 7.57, 0.00, -6.75, -0.1
2021-11-30 21:05:56.069117, 0, 8.24, 2.51, 1.41, -0.1
2021-11-30 21:05:56.274323, 0, 10.79, -5.57, -15.53, -0.1
2021-11-30 21:05:56.471648, 0, 10.04, 0.16, -4.98, -0.1
2021-11-30 21:05:56.684057, 0, 10.08, 0.98, 1.77, -0.1
2021-11-30 21:05:56.882541, 0, 12.79, 1.57, 1.61, -0.1
2021-11-30 21:05:57.068256, 0, 1.61, 0.00, -4.82, -0.1
2021-11-30 21:05:57.281839, 0, 10.08, 1.26, -4.94, -0.1
2021-11-30 21:05:57.471950, 0, 5.65, 0.31, -4.94, -0.1
2021-11-30 21:05:57.681076, 0, 0.00, 0.08, -5.02, -0.1
2021-11-30 21:05:57.873658, 0, 0.12, 1.33, -4.86, -0.1
2021-11-30 21:05:58.086647, 0, 0.00, 0.00, -4.39, -0.1
2021-11-30 21:05:58.281157, 0, 0.00, 1.41, -4.04, -0.1
2021-11-30 21:05:58.484117, 0, 0.31, 1.49, -8.47, -0.1
2021-11-30 21:05:58.698469, 0, 0.12, 1.41, -8.39, -0.2
2021-11-30 21:05:58.905948, 0, 0.04, 1.45, -8.43, -0.6
2021-11-30 21:05:59.100233, 0, 0.00, 1.41, -8.39, -0.1
2021-11-30 21:05:59.303327, 0, 0.00, 1.41, -8.32, -1.0
2021-11-30 21:05:59.499817, 0, 0.08, 1.45, -8.55, -7.6
2021-11-30 21:05:59.693256, 0, 0.00, 1.45, -8.16, -10.7
2021-11-30 21:05:59.901325, 0, 0.08, 1.49, -8.43, -10.4
2021-11-30 21:06:00.110466, 0, 0.00, 1.45, -8.55, -9.5
2021-11-30 21:06:00.305537, 0, 0.00, 1.49, -8.59, -5.3
2021-11-30 21:06:00.502629, 0, 0.04, 1.41, -8.47, -0.2
2021-11-30 21:06:00.706706, 0, 0.04, 1.49, -8.47, -0.1
2021-11-30 21:06:00.896391, 0, 0.04, 1.41, -8.47, -0.1
2021-11-30 21:06:01.112151, 0, 0.08, 0.00, -8.16, -0.1
2021-11-30 21:06:01.323072, 0, 0.31, 0.00, -8.12, -0.1
2021-11-30 21:06:01.502837, 0, 0.08, 0.00, -8.16, -0.1
2021-11-30 21:06:01.700036, 0, 0.00, 1.41, -8.47, -2.7
2021-11-30 21:06:01.901472, 0, 0.00, 0.00, -8.16, -8.4
2021-11-30 21:06:02.112833, 0, 0.00, 0.00, -8.55, -11.9
2021-11-30 21:06:02.312925, 0, 0.00, 0.00, -8.63, -9.4
2021-11-30 21:06:02.519859, 27, 0.16, 0.00, -8.16, -6.6
2021-11-30 21:06:02.708375, 27, 0.08, 1.41, -8.47, -0.5
2021-11-30 21:06:02.906996, 27, 2.82, 4.16, -9.65, -0.1
2021-11-30 21:06:03.106523, 27, 10.04, 0.31, -5.02, -0.1
2021-11-30 21:06:03.328205, 27, 10.36, 1.02, 12.55, -0.1
2021-11-30 21:06:03.509303, 27, 8.00, 0.00, 1.45, -0.1
2021-11-30 21:06:03.726487, 27, 1.02, -2.20, -14.95, -0.1
2021-11-30 21:06:03.941969, 27, 1.57, 0.00, 2.82, -0.1
2021-11-30 21:06:04.117041, 27, 1.33, 0.08, 0.00, -0.1
2021-11-30 21:06:04.325101, 27, 9.10, 0.78, 2.51, -0.1
2021-11-30 21:06:04.529591, 27, 9.26, 0.00, 0.00, -0.1
2021-11-30 21:06:04.739187, 27, 9.06, 0.08, 0.00, -0.1
2021-11-30 21:06:04.931597, 27, 2.55, 0.63, -8.32, -0.1
2021-11-30 21:06:05.128769, 27, 0.27, 0.16, -4.98, -0.1
2021-11-30 21:06:05.350070, 27, 0.16, 1.57, -10.04, -0.1
2021-11-30 21:06:05.540976, 27, 0.71, 0.12, -7.02, -0.1
2021-11-30 21:06:05.757166, 27, 9.41, 0.00, -8.43, -0.1
2021-11-30 21:06:05.948655, 27, 9.18, 0.67, -10.04, -0.1
2021-11-30 21:06:06.135505, 27, 10.55, 1.18, -10.04, -0.1
2021-11-30 21:06:06.385950, 27, 9.02, 0.55, -7.06, -0.1
2021-11-30 21:06:06.564225, 27, 0.31, 0.67, 0.00, -0.1
2021-11-30 21:06:06.737893, 27, 0.12, 0.35, -7.22, -0.1
2021-11-30 21:06:06.947268, 0, 0.04, 0.31, 0.00, -0.1
2021-11-30 21:06:07.150702, 0, 0.78, 1.10, 0.31, -0.1
2021-11-30 21:06:07.354775, 0, 0.00, 0.12, 0.12, -0.1
2021-11-30 21:06:07.557388, 0, 0.08, 1.26, -9.41, -0.1
2021-11-30 21:06:07.754797, 0, 0.16, 1.29, -8.75, -0.1
2021-11-30 21:06:07.960388, 0, 0.08, 1.26, -8.63, -0.1
2021-11-30 21:06:08.162309, 0, 0.00, 1.57, -8.79, -0.1
2021-11-30 21:06:08.365243, 0, 0.00, 1.26, -8.79, -0.1
2021-11-30 21:06:08.558497, 0, 0.12, 1.49, -8.79, -0.1
2021-11-30 21:06:08.764924, 0, 10.20, 0.20, -9.96, -0.1
2021-11-30 21:06:08.957895, 0, 7.53, 1.29, 0.31, -0.1
2021-11-30 21:06:09.168009, 0, 8.94, 0.63, 0.04, -0.1
2021-11-30 21:06:09.376483, 0, 9.57, 0.16, 2.59, -0.1
2021-11-30 21:06:09.580150, 0, 0.00, 0.00, 0.63, -0.1
2021-11-30 21:06:09.781790, 0, 0.16, 1.53, -10.00, -0.1
2021-11-30 21:06:09.980670, 0, 0.00, 1.26, -8.39, -0.1
2021-11-30 21:06:10.182429, 0, 0.08, 1.49, -8.47, -0.1
2021-11-30 21:06:10.384898, 0, 0.04, 0.35, -9.41, -0.1
2021-11-30 21:06:10.565778, 0, 10.36, 0.04, -3.14, -0.1
2021-11-30 21:06:10.774195, 0, 8.83, 0.16, -7.53, -0.1
2021-11-30 21:06:10.991461, 0, 1.80, 0.31, -7.37, -0.1
2021-11-30 21:06:11.169892, 0, 8.87, 0.67, 0.04, -0.1
2021-11-30 21:06:11.386104, 0, 5.10, 0.00, 10.08, -0.1
2021-11-30 21:06:11.589266, 0, 0.35, 1.26, -10.04, -0.1
2021-11-30 21:06:11.795568, 0, 0.00, 1.41, -8.55, -0.1
2021-11-30 21:06:11.985790, 0, 0.39, 0.63, -8.59, -0.1
2021-11-30 21:06:12.178156, 0, 10.04, 0.08, -8.63, -0.1
2021-11-30 21:06:12.383312, 0, 9.02, 0.08, -9.96, -0.1
2021-11-30 21:06:12.584711, 0, 0.08, 0.75, -8.71, -0.1
2021-11-30 21:06:12.797545, 0, 10.36, 0.94, 0.00, -0.1
2021-11-30 21:06:13.004984, 0, 0.00, 1.45, -4.98, -0.1
2021-11-30 21:06:13.181405, 0, 0.00, 1.41, -8.71, -0.1
2021-11-30 21:06:13.388648, 0, 0.00, 1.41, -8.32, -0.1
2021-11-30 21:06:13.604239, 0, 0.00, 1.49, -8.28, -0.1
2021-11-30 21:06:13.811227, 0, 0.31, 1.57, -8.39, -0.1
2021-11-30 21:06:14.030125, 0, 0.00, 1.49, -8.39, -0.1
2021-11-30 21:06:14.214004, 0, 0.47, 1.49, -8.79, -0.1
2021-11-30 21:06:14.405460, 0, 0.00, 1.41, -8.75, -0.1
2021-11-30 21:06:14.604363, 46, 0.12, 1.57, -8.71, -0.1
2021-11-30 21:06:14.801567, 46, 0.08, 1.57, -8.16, -0.1
2021-11-30 21:06:15.002792, 46, 0.08, 1.45, -8.08, -0.1
2021-11-30 21:06:15.215564, 46, 0.00, 1.57, -8.16, -0.1
2021-11-30 21:06:15.422870, 46, 0.08, 1.57, -8.08, -0.1
2021-11-30 21:06:15.604885, 46, 0.12, 1.49, -8.08, -0.1
2021-11-30 21:06:15.822198, 46, 0.12, 1.57, -8.16, -0.1
2021-11-30 21:06:16.019442, 46, 0.08, 1.49, -8.16, -0.1
2021-11-30 21:06:16.221094, 46, 0.08, 1.49, -8.16, -0.1
2021-11-30 21:06:16.426164, 46, 0.04, 1.49, -8.08, -0.1
2021-11-30 21:06:16.608796, 46, 0.08, 1.49, -8.08, -0.1
2021-11-30 21:06:16.822245, 46, 0.12, 1.49, -8.16, -0.1
2021-11-30 21:06:17.009770, 46, 0.08, 1.57, -8.16, -0.1
2021-11-30 21:06:17.211477, 46, 10.20, 1.65, -6.24, -0.1
2021-11-30 21:06:17.439371, 46, 10.08, 1.33, -4.94, -0.1
2021-11-30 21:06:17.641169, 46, 0.16, 0.00, -6.90, -0.1
2021-11-30 21:06:17.835963, 48, 0.08, 0.00, -6.71, -0.1
2021-11-30 21:06:18.033424, 48, 0.20, 0.08, -6.59, -0.1
2021-11-30 21:06:18.222819, 48, 0.16, 0.08, -6.83, -0.1
2021-11-30 21:06:18.434203, 48, 0.16, 0.63, -6.75, -0.1
2021-11-30 21:06:18.638551, 48, 0.20, 0.86, -6.86, -0.1
2021-11-30 21:06:18.850994, 48, 0.20, 0.16, -6.59, -0.1
2021-11-30 21:06:19.053279, 48, 0.16, 0.00, -6.90, -0.1
2021-11-30 21:06:19.238670, 48, 0.00, 0.82, -6.67, -0.1
2021-11-30 21:06:19.438334, 50, 0.00, 0.00, -6.90, -0.1
2021-11-30 21:06:19.649179, 50, 0.24, 0.24, -6.90, -0.1
2021-11-30 21:06:19.858913, 50, 0.20, 0.24, -6.59, -0.1
2021-11-30 21:06:20.043013, 50, 0.35, 0.16, -6.43, -0.1
2021-11-30 21:06:20.254501, 50, 0.31, 0.16, -6.55, -0.1
2021-11-30 21:06:20.446006, 50, 0.31, 0.24, -6.51, -0.1
2021-11-30 21:06:20.657111, 50, 0.31, 0.24, -6.90, -0.1
2021-11-30 21:06:20.861579, 50, 0.31, 0.16, -6.59, -0.1
2021-11-30 21:06:21.045223, 50, 0.31, 0.20, -6.55, -0.1
2021-11-30 21:06:21.251478, 50, 0.31, 0.16, -6.51, -0.1
2021-11-30 21:06:21.457480, 50, 0.31, 0.20, -6.55, -0.1
2021-11-30 21:06:21.662515, 50, 0.35, 0.16, -6.59, -0.1
2021-11-30 21:06:21.867814, 50, 0.35, 0.24, -6.51, -0.1
2021-11-30 21:06:22.077903, 50, 0.31, 0.20, -6.59, -0.1
2021-11-30 21:06:22.257721, 50, 0.31, 0.00, -6.51, -0.1
2021-11-30 21:06:22.473811, 50, 0.31, 0.00, -6.86, -0.1
2021-11-30 21:06:22.656804, 53, 0.31, 0.04, -6.59, -0.1
2021-11-30 21:06:22.857596, 53, 0.31, 0.16, -6.51, -0.1
2021-11-30 21:06:23.079494, 53, 0.31, 0.20, -6.55, -0.1
2021-11-30 21:06:23.290260, 57, 0.31, 0.20, -6.83, -0.1
2021-11-30 21:06:23.463428, 57, 0.16, 0.27, -6.59, -0.1
2021-11-30 21:06:23.687887, 57, 0.31, 0.20, -6.59, -0.1
2021-11-30 21:06:23.893805, 57, 0.31, 0.00, -6.79, -0.1
2021-11-30 21:06:24.093634, 57, 0.24, 0.16, -6.75, -0.1
2021-11-30 21:06:24.297517, 57, 0.31, 0.24, -6.59, -0.1
2021-11-30 21:06:24.490797, 57, 0.31, 0.16, -6.59, -0.1
2021-11-30 21:06:24.689202, 60, 0.31, 0.00, -6.59, -0.1
2021-11-30 21:06:24.885950, 60, 0.31, 0.16, -6.83, -0.1
2021-11-30 21:06:25.092451, 60, 0.35, 0.20, -6.83, -0.1
2021-11-30 21:06:25.297656, 60, 0.31, 0.24, -6.83, -0.1
2021-11-30 21:06:25.499368, 60, 0.31, 0.24, -6.79, -0.1
2021-11-30 21:06:25.684055, 60, 0.31, 0.00, -6.59, -0.1
2021-11-30 21:06:25.885296, 60, 0.31, 0.20, -6.86, -0.1
2021-11-30 21:06:26.090146, 60, 0.16, 0.20, -6.83, -0.1
2021-11-30 21:06:26.286389, 60, 0.35, 0.20, -6.86, -0.1
2021-11-30 21:06:26.484711, 60, 0.31, 0.20, -6.59, -0.1
2021-11-30 21:06:26.695814, 61, 0.16, 0.24, -6.75, -0.1
2021-11-30 21:06:26.887126, 61, 0.24, 0.16, -6.59, -0.1
2021-11-30 21:06:27.093653, 61, 0.24, 0.27, -6.90, -0.1
2021-11-30 21:06:27.299529, 61, 0.24, 0.24, -6.83, -0.1
2021-11-30 21:06:27.500611, 61, 0.24, 0.20, -6.83, -0.1
2021-11-30 21:06:27.714038, 61, 0.20, 0.00, -6.79, -0.1
2021-11-30 21:06:27.910005, 65, 0.27, 0.00, -6.67, -0.1
2021-11-30 21:06:28.094290, 65, 0.16, 0.00, -6.90, -0.1
2021-11-30 21:06:28.306727, 65, 0.16, 0.00, -6.75, -0.1
2021-11-30 21:06:28.519374, 65, 0.20, 0.00, -6.86, -0.1
2021-11-30 21:06:28.705425, 65, 0.24, 0.20, -6.63, -0.1
2021-11-30 21:06:28.921355, 65, 0.16, 0.16, -6.90, -0.1
2021-11-30 21:06:29.122225, 69, 0.24, 0.00, -6.90, -0.1
2021-11-30 21:06:29.308970, 69, 0.20, 0.00, -6.83, -0.1
2021-11-30 21:06:29.504375, 69, 0.16, 0.16, -6.83, -0.1
2021-11-30 21:06:29.713626, 76, 0.24, 0.00, -6.90, -0.1
2021-11-30 21:06:29.920888, 76, 0.20, 0.00, -6.79, -0.1
2021-11-30 21:06:30.108524, 81, 0.24, 0.00, -6.90, -0.1
2021-11-30 21:06:30.327960, 81, 0.63, 0.08, -7.49, -0.1
2021-11-30 21:06:30.525441, 90, 0.47, 0.86, -7.22, -0.1
2021-11-30 21:06:30.732059, 90, 0.78, 0.00, -7.45, -0.1
2021-11-30 21:06:30.914761, 104, 0.08, 0.04, -7.53, -0.1
2021-11-30 21:06:31.125095, 104, 0.20, 0.12, -7.37, -0.1
2021-11-30 21:06:31.332765, 104, 0.16, 0.00, -6.90, -0.1
2021-11-30 21:06:31.544539, 104, 0.31, 0.00, -6.79, -0.1
2021-11-30 21:06:31.735733, 111, 0.31, 0.16, -6.67, -0.1
2021-11-30 21:06:31.925212, 111, 0.35, 0.16, -6.90, -0.1
2021-11-30 21:06:32.118155, 114, 0.31, 0.00, -6.59, -0.1
2021-11-30 21:06:32.332072, 114, 0.24, 0.00, -6.83, -0.1
2021-11-30 21:06:32.533113, 114, 0.31, 0.00, -6.90, -0.1
2021-11-30 21:06:32.726631, 114, 0.31, 0.04, -6.67, -0.1
2021-11-30 21:06:32.930754, 114, 0.31, 0.00, -6.90, -0.1
2021-11-30 21:06:33.127666, 114, 0.31, 0.00, -6.67, -0.1
2021-11-30 21:06:33.332086, 114, 0.20, 0.24, -6.75, -0.1
2021-11-30 21:06:33.558167, 114, 0.31, 0.00, -6.67, -0.1
2021-11-30 21:06:33.757225, 114, 0.31, 0.00, -6.86, -0.1
2021-11-30 21:06:33.950202, 114, 0.27, 0.00, -6.75, -0.1
2021-11-30 21:06:34.146067, 114, 0.20, 0.27, -6.71, -0.1
2021-11-30 21:06:34.353201, 114, 0.24, 0.20, -6.71, -0.1
2021-11-30 21:06:34.544214, 114, 0.20, 0.08, -6.86, -0.1
2021-11-30 21:06:34.745842, 114, 0.24, 0.12, -6.67, -0.1
2021-11-30 21:06:34.952016, 114, 0.24, 0.00, -6.71, -0.1
2021-11-30 21:06:35.163712, 114, 0.31, 0.24, -6.75, -0.1
2021-11-30 21:06:35.340580, 114, 0.16, 0.00, -6.75, -0.1
2021-11-30 21:06:35.565225, 114, 0.24, 0.24, -6.75, -0.1
2021-11-30 21:06:35.742301, 114, 0.24, 0.24, -6.71, -0.1
2021-11-30 21:06:35.955348, 114, 0.31, 0.27, -6.71, -0.1
2021-11-30 21:06:36.162759, 0, 0.24, 0.20, -6.75, -0.1
2021-11-30 21:06:36.381451, 0, 0.16, 0.00, -6.75, -0.1
2021-11-30 21:06:36.557582, 0, 0.20, 0.24, -6.71, -0.1
2021-11-30 21:06:36.770395, 0, 0.20, 0.24, -6.67, -0.1
2021-11-30 21:06:36.974044, 0, 0.31, 0.00, -6.67, -0.1
2021-11-30 21:06:37.165670, 0, 0.24, 0.20, -6.71, -0.1
2021-11-30 21:06:37.381002, 0, 0.16, 0.00, -6.75, -0.1
2021-11-30 21:06:37.572285, 0, 0.16, 0.00, -6.67, -0.1
2021-11-30 21:06:37.777380, 0, 0.20, 0.00, -6.86, -0.1
2021-11-30 21:06:37.976219, 0, 0.27, 0.24, -6.75, -0.1
2021-11-30 21:06:38.167450, 0, 0.24, 0.20, -6.75, -0.1
2021-11-30 21:06:38.377823, 0, 0.24, 0.00, -6.67, -0.1
2021-11-30 21:06:38.579311, 0, 0.20, 0.00, -6.90, -0.1
2021-11-30 21:06:38.799317, 55, 0.24, 0.00, -6.79, -0.1
2021-11-30 21:06:38.976004, 55, 0.20, 0.00, -6.67, -0.1
2021-11-30 21:06:39.177908, 55, 0.31, 0.24, -6.67, -0.1
2021-11-30 21:06:39.386839, 55, 0.31, 0.00, -6.75, -0.1
2021-11-30 21:06:39.584051, 55, 0.24, 0.00, -6.75, -0.1
2021-11-30 21:06:39.799607, 55, 0.24, 0.04, -6.67, -0.1
2021-11-30 21:06:39.977127, 55, 0.31, 0.00, -6.90, -0.1
2021-11-30 21:06:40.195036, 55, 0.31, 0.00, -6.75, -0.1
2021-11-30 21:06:40.401165, 55, 0.39, 0.71, -7.02, -0.1
2021-11-30 21:06:40.595351, 55, 0.31, 0.31, -6.83, -0.1
2021-11-30 21:06:40.793509, 55, 10.20, 1.33, -4.98, -0.1
2021-11-30 21:06:40.985310, 55, 0.35, 2.51, -8.63, -0.1
2021-11-30 21:06:41.195653, 55, 10.16, 0.12, -4.71, -0.1
2021-11-30 21:06:41.387573, 55, 10.51, 1.26, -9.41, -0.1
2021-11-30 21:06:41.588927, 55, 0.00, 0.00, -7.06, -0.1
2021-11-30 21:06:41.798991, 55, 1.41, 0.08, 0.00, -0.1
2021-11-30 21:06:42.007616, 55, 10.83, 0.39, -25.97, -0.1
2021-11-30 21:06:42.203356, 55, 10.08, 0.04, -36.64, -0.1
2021-11-30 21:06:42.396503, 55, 0.16, 0.63, -20.08, -0.1
2021-11-30 21:06:42.616605, 55, 10.16, 0.71, 1.14, -0.1
2021-11-30 21:06:42.811952, 55, 10.04, 0.39, 15.18, -0.1
2021-11-30 21:06:43.022202, 0, 0.47, 0.24, -9.41, -0.1
2021-11-30 21:06:43.199484, 0, 6.32, 0.04, -9.81, -0.1
2021-11-30 21:06:43.405431, 0, 10.04, 0.04, 8.32, -0.1
2021-11-30 21:06:43.594115, 0, 0.00, 0.00, -8.16, -0.1
2021-11-30 21:06:43.807205, 0, 1.33, 0.00, -9.96, -0.1
2021-11-30 21:06:44.023023, 0, 0.00, 0.27, -4.43, -0.1
2021-11-30 21:06:44.218449, 138, 10.36, 0.16, -3.69, -0.1
2021-11-30 21:06:44.407249, 138, 10.04, 0.04, -3.30, -0.1
2021-11-30 21:06:44.611113, 138, 10.12, 0.20, -4.63, -0.1
2021-11-30 21:06:44.810047, 138, 10.40, 0.35, -4.71, -0.1
2021-11-30 21:06:45.006397, 138, 10.12, 1.57, -3.30, -0.1
2021-11-30 21:06:45.221774, 138, 0.08, 1.26, -9.81, -0.1
2021-11-30 21:06:45.417289, 138, 0.08, 1.37, -8.16, -0.1
2021-11-30 21:06:45.639806, 138, 0.31, 1.41, -8.16, -0.1
2021-11-30 21:06:45.811576, 138, 0.08, 1.57, -8.16, -0.1
2021-11-30 21:06:46.029057, 138, 0.31, 1.57, -8.12, -0.1
2021-11-30 21:06:46.234685, 138, 0.31, 1.61, -8.16, -0.1
2021-11-30 21:06:46.434771, 138, 0.00, 1.57, -8.16, -0.1
2021-11-30 21:06:46.633341, 138, 0.00, 1.45, -8.32, -0.1
2021-11-30 21:06:46.840885, 138, 0.12, 1.57, -8.55, -0.1
2021-11-30 21:06:47.029650, 138, 0.08, 1.61, -8.16, -0.1
2021-11-30 21:06:47.232872, 106, 0.08, 1.61, -8.16, -0.1
2021-11-30 21:06:47.444086, 106, 0.24, 1.57, -8.39, -0.1
2021-11-30 21:06:47.648803, 106, 0.08, 1.57, -8.16, -0.1
2021-11-30 21:06:47.831189, 106, 0.00, 1.53, -8.16, -0.1
2021-11-30 21:06:48.036717, 106, 0.04, 1.53, -8.55, -0.1
2021-11-30 21:06:48.252929, 106, 0.04, 0.00, -8.08, -0.1
2021-11-30 21:06:48.448523, 106, 0.31, 0.04, -8.79, -0.1
2021-11-30 21:06:48.655037, 106, 0.00, 0.00, -8.16, -0.1
2021-11-30 21:06:48.859255, 106, 0.08, 0.00, -8.16, -0.1
2021-11-30 21:06:49.065247, 106, 0.04, 0.00, -8.16, -0.1
2021-11-30 21:06:49.261647, 106, 0.08, 0.00, -8.12, -0.1
2021-11-30 21:06:49.434280, 106, 0.00, 0.04, -8.16, -0.1
2021-11-30 21:06:49.648100, 106, 0.00, 0.04, -8.12, -0.1
2021-11-30 21:06:49.856183, 106, 0.04, 0.00, -8.16, -0.1
2021-11-30 21:06:50.033708, 106, 0.00, 0.00, -8.16, -0.1
2021-11-30 21:06:50.263212, 106, 0.00, 0.04, -8.16, -0.1
2021-11-30 21:06:50.440870, 106, 0.04, 0.00, -8.16, -0.1
2021-11-30 21:06:50.665349, 106, 0.00, 0.24, -8.67, -0.1
2021-11-30 21:06:50.875751, 106, 0.08, 0.00, -8.16, -0.1
2021-11-30 21:06:51.047590, 106, 0.08, 0.00, -8.16, -0.1
2021-11-30 21:06:51.253421, 106, 0.04, 0.00, -8.12, -0.1
2021-11-30 21:06:51.461143, 0, 0.04, 0.08, -8.12, -0.1
2021-11-30 21:06:51.670036, 0, 0.08, 0.00, -8.00, -0.1
2021-11-30 21:06:51.862873, 0, 0.08, 0.00, -8.67, -0.1
2021-11-30 21:06:52.055745, 0, 0.00, 0.00, -8.16, -0.1
2021-11-30 21:06:52.289609, 0, 0.04, 0.00, -8.16, -0.1
2021-11-30 21:06:52.467612, 0, 0.00, 0.00, -8.16, -0.1
2021-11-30 21:06:52.661265, 0, 0.31, 0.20, -8.12, -0.1
2021-11-30 21:06:52.872976, 0, 0.31, 0.00, -8.08, -0.1
2021-11-30 21:06:53.079948, 0, 0.00, 0.00, -8.59, -0.1
2021-11-30 21:06:53.261737, 0, 0.04, 0.04, -8.12, -0.1
2021-11-30 21:06:53.473501, 0, 0.00, 0.04, -8.16, -0.1
2021-11-30 21:06:53.662121, 0, 0.00, 0.00, -8.12, -0.1
2021-11-30 21:06:53.886809, 0, 0.04, 0.00, -8.16, -0.1
2021-11-30 21:06:54.088728, 0, 0.04, 0.00, -8.16, -0.1
2021-11-30 21:06:54.261550, 0, 0.04, 0.04, -8.16, -0.1
2021-11-30 21:06:54.492085, 0, 0.00, 0.00, -8.16, -0.1
2021-11-30 21:06:54.662124, 0, 0.08, 0.20, -8.08, -0.1
2021-11-30 21:06:54.885290, 0, 0.08, 0.04, -8.08, -0.1
2021-11-30 21:06:55.074365, 0, 0.00, 0.00, -8.16, -0.1
2021-11-30 21:06:55.284458, 0, 0.08, 0.00, -8.08, -0.1
2021-11-30 21:06:55.474719, 0, 0.00, 0.04, -8.00, -0.1
2021-11-30 21:06:55.691203, 0, 0.04, 0.00, -8.08, -0.1
2021-11-30 21:06:55.887206, 0, 0.00, 0.04, -8.16, -0.1
2021-11-30 21:06:56.086934, 0, 0.04, 0.00, -8.16, -0.1
2021-11-30 21:06:56.302962, 0, 0.00, 0.00, -8.16, -0.1
2021-11-30 21:06:56.480747, 0, 0.00, 0.00, -8.16, -0.1
2021-11-30 21:06:56.677687, 0, 0.00, 0.04, -8.16, -0.1
2021-11-30 21:06:56.897592, 0, 0.12, 0.00, -8.16, -0.1
2021-11-30 21:06:57.104776, 0, 0.04, 0.00, -8.16, -0.1
2021-11-30 21:06:57.296991, 0, 0.16, 0.00, -8.79, -0.1
2021-11-30 21:06:57.496520, 0, 0.08, 0.00, -8.55, -0.1
2021-11-30 21:06:57.698190, 0, 0.08, 0.20, -8.12, -0.1
2021-11-30 21:06:57.890783, 0, 0.08, 0.00, -8.16, -0.1
2021-11-30 21:06:58.095980, 0, 0.00, 0.00, -8.12, -0.1
2021-11-30 21:06:58.292271, 0, 0.08, 0.00, -8.16, -0.1
2021-11-30 21:06:58.511832, 0, 0.00, 0.04, -8.16, -0.1
2021-11-30 21:06:58.710930, 0, 0.04, 0.00, -8.12, -0.1
2021-11-30 21:06:58.913129, 0, 0.00, 0.00, -8.12, -0.1
2021-11-30 21:06:59.100486, 0, 0.04, 0.08, -8.08, -0.1
2021-11-30 21:06:59.304988, 0, 0.08, 0.24, -8.08, -0.1
2021-11-30 21:06:59.509765, 0, 0.08, 0.27, -8.12, -0.1
2021-11-30 21:06:59.710130, 0, 0.00, 0.00, -8.16, -0.1
2021-11-30 21:06:59.908662, 0, 0.08, 0.04, -8.16, -0.1
2021-11-30 21:07:00.115288, 0, 0.08, 0.04, -8.16, -0.1
2021-11-30 21:07:00.324797, 0, 0.00, 0.08, -8.12, -0.1
2021-11-30 21:07:00.527815, 0, 0.00, 0.31, -8.12, -0.1
2021-11-30 21:07:00.724065, 0, 0.08, 0.04, -8.16, -0.1
2021-11-30 21:07:00.928922, 0, 0.08, 0.04, -8.16, -0.1
2021-11-30 21:07:01.120645, 0, 0.08, 0.00, -8.16, -0.1
2021-11-30 21:07:01.311252, 0, 0.00, 0.00, -8.08, -0.1
2021-11-30 21:07:01.532306, 0, 0.00, 0.20, -8.16, -0.1
2021-11-30 21:07:01.734673, 0, 0.04, 0.00, -8.08, -0.1
2021-11-30 21:07:01.931243, 0, 0.08, 0.00, -8.16, -0.1
2021-11-30 21:07:02.138978, 0, 0.00, 0.00, -8.16, -0.1
2021-11-30 21:07:02.338852, 0, 0.04, 0.31, -8.08, -0.1
2021-11-30 21:07:02.521722, 0, 0.16, 0.00, -8.16, -0.1
2021-11-30 21:07:02.742791, 0, 0.08, 0.00, -8.16, -0.1
2021-11-30 21:07:02.938565, 0, 0.08, 0.00, -8.08, -0.1
2021-11-30 21:07:03.126733, 0, 0.00, 0.00, -8.71, -0.1
2021-11-30 21:07:03.343861, 0, 0.08, 0.27, -8.12, -0.1
2021-11-30 21:07:03.534638, 0, 0.08, 0.08, -8.08, -0.1
2021-11-30 21:07:03.754615, 0, 0.00, 0.04, -8.04, -0.1
2021-11-30 21:07:03.938149, 0, 0.00, 0.00, -8.16, -0.1
2021-11-30 21:07:04.155983, 0, 0.04, 0.00, -8.16, -0.1
2021-11-30 21:07:04.337472, 0, 0.00, 0.04, -8.16, -0.1
2021-11-30 21:07:04.559314, 0, 0.08, 0.04, -8.16, -0.1
2021-11-30 21:07:04.755168, 0, 0.04, 0.00, -8.12, -0.1
2021-11-30 21:07:04.965786, 0, 0.12, 0.08, -8.16, -0.1
2021-11-30 21:07:05.147541, 0, 0.08, 0.00, -8.67, -0.1
2021-11-30 21:07:05.364497, 0, 0.08, 0.04, -8.12, -0.1
2021-11-30 21:07:05.559507, 0, 0.08, 0.00, -8.16, -0.1
2021-11-30 21:07:05.757498, 0, 0.12, 0.04, -8.08, -0.1
2021-11-30 21:07:05.972457, 0, 0.08, 0.04, -8.12, -0.1
2021-11-30 21:07:06.148513, 0, 0.08, 0.31, -8.08, -0.1
2021-11-30 21:07:06.354479, 0, 0.08, 0.00, -8.16, -0.1
2021-11-30 21:07:06.549930, 0, 0.08, 0.08, -8.12, -0.1
2021-11-30 21:07:06.753240, 0, 0.04, 0.00, -8.16, -0.1
2021-11-30 21:07:06.955967, 0, 0.04, 0.08, -8.75, -0.1
2021-11-30 21:07:07.162862, 0, 0.00, 0.27, -8.12, -0.1
2021-11-30 21:07:07.351915, 0, 0.00, 0.00, -8.16, -0.1
2021-11-30 21:07:07.575067, 0, 0.04, 0.00, -8.04, -0.1
2021-11-30 21:07:07.778805, 0, 0.16, 0.00, -8.16, -0.1
2021-11-30 21:07:07.960822, 0, 0.00, 0.00, -8.16, -0.1
2021-11-30 21:07:08.165504, 0, 0.04, 0.00, -8.12, -0.1
2021-11-30 21:07:08.371753, 0, 0.08, 0.08, -8.04, -0.1
2021-11-30 21:07:08.588749, 0, 0.00, 0.08, -8.12, -0.1
2021-11-30 21:07:08.780709, 0, 0.04, 0.00, -8.16, -0.1
2021-11-30 21:07:08.989531, 0, 0.08, 0.24, -8.63, -0.1
2021-11-30 21:07:09.179745, 0, 0.04, 0.00, -8.08, -0.1
2021-11-30 21:07:09.377555, 0, 0.00, 0.00, -8.16, -0.1
2021-11-30 21:07:09.592555, 0, 0.00, 0.00, -8.12, -0.1
2021-11-30 21:07:09.790550, 0, 0.00, 0.00, -8.08, -0.1
2021-11-30 21:07:09.977807, 0, 0.08, 0.00, -8.16, -0.1
2021-11-30 21:07:10.180255, 0, 0.31, 0.27, -8.16, -0.1
2021-11-30 21:07:10.373853, 0, 0.08, 0.00, -8.16, -0.1
2021-11-30 21:07:10.591636, 0, 0.00, 0.00, -8.16, -0.1
2021-11-30 21:07:10.773010, 0, 0.00, 0.00, -8.08, -0.1
2021-11-30 21:07:10.992340, 0, 0.08, 0.00, -8.12, -0.1
2021-11-30 21:07:11.199435, 0, 0.04, 0.00, -8.16, -0.1
2021-11-30 21:07:11.395381, 0, 0.00, 0.08, -8.16, -0.1
2021-11-30 21:07:11.606451, 0, 0.04, 0.00, -8.16, -0.1
2021-11-30 21:07:11.799425, 0, 0.00, 0.00, -8.08, -0.1
2021-11-30 21:07:11.991150, 0, 0.04, 0.00, -8.75, -0.1
2021-11-30 21:07:12.191896, 0, 0.00, 0.00, -8.12, -0.1
2021-11-30 21:07:12.407876, 0, 0.00, 1.26, -10.04, -0.1
2021-11-30 21:07:12.608141, 0, 0.00, 0.31, -9.41, -0.1
2021-11-30 21:07:12.798778, 0, 0.00, 1.26, -8.79, -0.1
2021-11-30 21:07:13.006773, 0, 0.31, 1.26, -8.71, -0.1
2021-11-30 21:07:13.225264, 0, 0.08, 1.57, -8.51, -0.1
2021-11-30 21:07:13.401641, 0, 0.08, 0.31, -8.79, -0.1
2021-11-30 21:07:13.604352, 0, 0.00, 0.35, -8.75, -0.1
2021-11-30 21:07:13.815791, 0, 0.00, 0.27, -8.79, -0.1
2021-11-30 21:07:14.018300, 0, 0.00, 0.31, -8.75, -0.1
2021-11-30 21:07:14.207702, 0, 0.08, 0.31, -8.79, -0.1
2021-11-30 21:07:14.406899, 0, 0.00, 0.39, -8.79, -0.1
2021-11-30 21:07:14.608610, 0, 0.08, 0.39, -8.75, -0.1
2021-11-30 21:07:14.830253, 0, 0.08, 0.35, -8.71, -0.1
2021-11-30 21:07:15.017073, 0, 0.00, 0.31, -8.71, -0.1
2021-11-30 21:07:15.213774, 0, 0.00, 0.24, -8.71, -0.1
2021-11-30 21:07:15.405329, 0, 0.00, 0.31, -8.79, -0.1
2021-11-30 21:07:15.626757, 0, 0.08, 0.31, -8.75, -0.1
2021-11-30 21:07:15.837968, 0, 0.08, 0.31, -8.79, -0.1
2021-11-30 21:07:16.021369, 0, 0.00, 0.35, -8.71, -0.1
2021-11-30 21:07:16.218746, 0, 0.08, 0.31, -8.75, -0.1
2021-11-30 21:07:16.421507, 0, 0.00, 0.31, -8.75, -0.1
2021-11-30 21:07:16.626413, 0, 0.00, 0.31, -8.16, -0.1
2021-11-30 21:07:16.838085, 0, 0.00, 0.31, -8.79, -0.1
2021-11-30 21:07:17.030267, 0, 0.00, 0.35, -8.79, -0.1
2021-11-30 21:07:17.261044, 0, 0.04, 0.35, -8.79, -0.1
2021-11-30 21:07:17.444727, 0, 0.04, 0.31, -8.79, -0.1
2021-11-30 21:07:17.648536, 0, 0.04, 0.35, -8.79, -0.1
2021-11-30 21:07:17.836488, 0, 0.00, 0.31, -8.71, -0.1
2021-11-30 21:07:18.060052, 0, 0.08, 0.35, -8.79, -0.1
2021-11-30 21:07:18.249392, 0, 0.08, 0.20, -8.79, -0.1
2021-11-30 21:07:18.426180, 0, 0.04, 0.31, -8.75, -0.1
2021-11-30 21:07:18.633541, 0, 0.04, 0.08, -8.43, -0.1
2021-11-30 21:07:18.860878, 0, 0.16, 0.31, -9.53, -0.1
2021-11-30 21:07:19.064667, 0, 0.00, 0.35, -8.79, -0.1
2021-11-30 21:07:19.262323, 0, 0.00, 0.08, -8.71, -0.1
2021-11-30 21:07:19.439514, 0, 0.00, 0.16, -8.75, -0.1
2021-11-30 21:07:19.659815, 0, 0.08, 0.20, -8.75, -0.1
2021-11-30 21:07:19.862722, 0, 0.00, 0.31, -8.24, -0.1
2021-11-30 21:07:20.068704, 0, 0.08, 0.16, -8.79, -0.1
2021-11-30 21:07:20.275033, 0, 0.00, 0.31, -8.79, -0.1
2021-11-30 21:07:20.456462, 0, 0.00, 0.31, -8.16, -0.1
2021-11-30 21:07:20.679472, 0, 0.00, 0.31, -8.79, -0.1
2021-11-30 21:07:20.857281, 0, 0.00, 0.31, -8.16, -0.1
2021-11-30 21:07:21.059475, 0, 0.00, 0.16, -8.79, -0.1
2021-11-30 21:07:21.263600, 0, 0.00, 0.31, -8.79, -0.1
2021-11-30 21:07:21.457602, 0, 0.00, 0.31, -8.79, -0.1
2021-11-30 21:07:21.658779, 0, 0.08, 0.31, -8.75, -0.1
2021-11-30 21:07:21.877678, 0, 0.00, 0.35, -8.20, -0.1
2021-11-30 21:07:22.084651, 0, 0.00, 0.16, -8.79, -0.1
2021-11-30 21:07:22.268259, 0, 0.00, 0.35, -8.20, -0.1
2021-11-30 21:07:22.480291, 0, 0.08, 0.31, -8.79, -0.1
2021-11-30 21:07:22.680320, 0, 0.00, 0.31, -8.75, -0.1
2021-11-30 21:07:22.885922, 0, 0.00, 0.31, -8.79, -0.1
2021-11-30 21:07:23.092699, 0, 0.04, 0.31, -8.79, -0.1
2021-11-30 21:07:23.277594, 0, 0.00, 0.16, -8.71, -0.1
2021-11-30 21:07:23.494246, 0, 0.12, 0.31, -8.79, -0.1
2021-11-30 21:07:23.692560, 0, 0.16, 0.16, -8.79, -0.1
2021-11-30 21:07:23.906125, 0, 0.00, 0.31, -8.79, -0.1
2021-11-30 21:07:24.083454, 0, 0.00, 0.31, -8.75, -0.1
2021-11-30 21:07:24.285325, 0, 0.00, 0.31, -8.75, -0.1
2021-11-30 21:07:24.494356, 0, 0.08, 0.16, -8.79, -0.1
2021-11-30 21:07:24.672787, 0, 0.04, 0.20, -8.24, -0.1
2021-11-30 21:07:24.873848, 0, 0.04, 0.31, -8.24, -0.1
2021-11-30 21:07:25.079563, 0, 0.00, 0.39, -8.16, -0.1
2021-11-30 21:07:25.281141, 0, 0.00, 0.31, -8.79, -0.1
2021-11-30 21:07:25.489500, 0, 0.00, 0.12, -8.79, -0.1
2021-11-30 21:07:25.689345, 0, 0.00, 0.16, -8.28, -0.1
2021-11-30 21:07:25.895715, 0, 0.08, 0.31, -8.79, -0.1
2021-11-30 21:07:26.094633, 0, 0.00, 0.08, -8.79, -0.1
2021-11-30 21:07:26.298978, 0, 0.04, 0.31, -8.71, -0.1
2021-11-30 21:07:26.513315, 0, 0.00, 0.31, -8.79, -0.1
2021-11-30 21:07:26.709223, 0, 0.08, 0.35, -8.79, -0.1
2021-11-30 21:07:26.890385, 0, 0.00, 0.31, -8.71, -0.1
2021-11-30 21:07:27.090755, 0, 0.08, 0.31, -8.79, -0.1
2021-11-30 21:07:27.311758, 0, 0.08, 0.16, -8.71, -0.1
2021-11-30 21:07:27.491279, 0, 0.00, 0.31, -8.16, -0.1
2021-11-30 21:07:27.695597, 0, 0.00, 0.31, -8.71, -0.1
2021-11-30 21:07:27.910222, 0, 0.00, 0.35, -8.71, -0.1
2021-11-30 21:07:28.105126, 0, 0.00, 0.31, -8.75, -0.1
2021-11-30 21:07:28.327533, 0, 0.12, 0.16, -8.71, -0.1
2021-11-30 21:07:28.513748, 0, 0.00, 0.31, -8.67, -0.1
2021-11-30 21:07:28.708194, 0, 0.00, 0.31, -8.63, -0.1
2021-11-30 21:07:28.919428, 0, 0.00, 0.31, -8.79, -0.1
2021-11-30 21:07:29.125528, 0, 0.08, 0.31, -8.16, -0.1
2021-11-30 21:07:29.309045, 0, 0.00, 0.31, -8.79, -0.1
2021-11-30 21:07:29.517943, 0, 0.00, 0.31, -8.79, -0.1
2021-11-30 21:07:29.711839, 0, 0.00, 0.12, -8.39, -0.1
2021-11-30 21:07:29.931106, 0, 0.00, 0.16, -8.79, -0.1
2021-11-30 21:07:30.121702, 0, 0.04, 0.31, -8.24, -0.1
2021-11-30 21:07:30.315152, 0, 0.00, 0.31, -8.12, -0.1
2021-11-30 21:07:30.528176, 0, 0.04, 0.12, -8.75, -0.1
2021-11-30 21:07:30.725535, 0, 0.00, 0.31, -8.79, -0.1
2021-11-30 21:07:30.916531, 0, 0.00, 0.31, -8.71, -0.1
2021-11-30 21:07:31.125634, 0, 0.04, 0.00, -8.79, -0.1
2021-11-30 21:07:31.309400, 0, 0.00, 0.31, -8.71, -0.1
2021-11-30 21:07:31.510767, 0, 0.08, 0.31, -8.79, -0.1
2021-11-30 21:07:31.733880, 0, 0.00, 0.16, -8.75, -0.1
2021-11-30 21:07:31.924248, 0, 0.00, 0.31, -8.79, -0.1
2021-11-30 21:07:32.148205, 0, 0.08, 0.16, -8.79, -0.1
2021-11-30 21:07:32.340654, 0, 0.00, 0.31, -8.75, -0.1
2021-11-30 21:07:32.538089, 0, 0.00, 0.35, -8.71, -0.1
2021-11-30 21:07:32.721684, 0, 0.00, 0.31, -8.75, -0.1
2021-11-30 21:07:32.938863, 0, 0.00, 0.31, -8.16, -0.1
2021-11-30 21:07:33.135849, 0, 0.00, 0.16, -8.79, -0.1
2021-11-30 21:07:33.340924, 0, 0.04, 0.31, -8.79, -0.1
2021-11-30 21:07:33.538214, 0, 0.04, 0.31, -8.16, -0.1
2021-11-30 21:07:33.739538, 0, 0.04, 0.31, -8.79, -0.1
2021-11-30 21:07:33.951104, 0, 0.00, 0.31, -8.79, -0.1
2021-11-30 21:07:34.144915, 0, 0.04, 0.16, -8.75, -0.1
2021-11-30 21:07:34.346679, 0, 0.00, 0.31, -8.71, -0.1
2021-11-30 21:07:34.547085, 0, 0.08, 0.31, -8.16, -0.1
2021-11-30 21:07:34.725423, 0, 0.04, 0.20, -8.16, -0.1
2021-11-30 21:07:34.954347, 0, 0.00, 0.08, -8.16, -0.1
2021-11-30 21:07:35.145679, 0, 0.00, 0.12, -8.79, -0.1
2021-11-30 21:07:35.333297, 0, 0.08, 0.35, -8.75, -0.1
2021-11-30 21:07:35.547759, 0, 0.00, 0.31, -8.75, -0.1
2021-11-30 21:07:35.739060, 0, 0.00, 0.31, -8.79, -0.1
2021-11-30 21:07:35.947396, 0, 0.00, 0.31, -8.79, -0.1
2021-11-30 21:07:36.128952, 0, 0.08, 0.31, -8.67, -0.1
2021-11-30 21:07:36.378273, 0, 10.04, 1.45, -7.53, -0.1
2021-11-30 21:07:36.549330, 0, 5.10, 0.67, -6.28, -0.1
2021-11-30 21:07:36.758316, 0, 7.61, 1.26, 0.08, -0.1
2021-11-30 21:07:36.960541, 0, 5.37, 0.08, 0.00, -0.1
2021-11-30 21:07:37.164170, 0, 6.59, 1.26, 2.04, -0.1
2021-11-30 21:07:37.355720, 0, 0.04, 0.00, 0.31, -0.1
2021-11-30 21:07:37.555123, 0, 7.06, 0.71, 0.39, -0.1
2021-11-30 21:07:37.773655, 0, 0.04, 0.47, 0.39, -0.1
2021-11-30 21:07:37.958056, 0, 6.47, 0.75, 0.31, -0.1
2021-11-30 21:07:38.174130, 0, 6.98, 0.47, 0.20, -0.1
2021-11-30 21:07:38.365969, 0, 7.14, 0.51, 0.04, -0.1
2021-11-30 21:07:38.568725, 0, 6.90, 0.35, 0.00, -0.1
2021-11-30 21:07:38.781588, 0, 7.10, 0.39, 0.08, -0.1
2021-11-30 21:07:38.962451, 0, 6.47, 0.31, 0.00, -0.1
2021-11-30 21:07:39.173447, 0, 7.06, 0.47, 0.00, -0.1
2021-11-30 21:07:39.362347, 0, 6.94, 0.31, 0.31, -0.1
2021-11-30 21:07:39.578511, 0, 6.90, 0.20, 0.00, -0.1
2021-11-30 21:07:39.766610, 0, 6.90, 0.31, 0.08, -0.1
2021-11-30 21:07:39.969485, 0, 6.98, 0.31, 0.16, -0.1
2021-11-30 21:07:40.169865, 0, 0.31, 0.55, 0.63, -0.1
2021-11-30 21:07:40.371634, 0, 2.71, 0.04, 0.16, -0.1
2021-11-30 21:07:40.586084, 0, 0.71, 1.02, 1.41, -0.1
2021-11-30 21:07:40.766026, 0, 0.35, 0.08, -7.53, -0.1
2021-11-30 21:07:40.966916, 0, 5.02, 1.61, 13.81, -0.1
2021-11-30 21:07:41.174737, 0, 10.83, 0.94, 1.88, -0.1
2021-11-30 21:07:41.390391, 0, 7.88, -14.75, -3.73, -0.1
2021-11-30 21:07:41.578674, 0, 5.65, -14.67, 0.31, -0.1
2021-11-30 21:07:41.785425, 0, 0.08, -8.59, 5.02, -0.1
2021-11-30 21:07:41.983813, 0, 0.75, -9.61, 0.00, -0.1
2021-11-30 21:07:42.186629, 0, 9.45, 0.63, 0.16, -0.1
2021-11-30 21:07:42.378285, 0, 10.04, 0.00, -2.20, -0.1
2021-11-30 21:07:42.594866, 0, 10.67, 0.78, 0.31, -0.1
2021-11-30 21:07:42.808812, 0, 10.36, 0.63, -2.51, -0.1
2021-11-30 21:07:42.981098, 36, 10.08, -11.30, -1.22, -0.1
2021-11-30 21:07:43.199803, 36, 10.67, -10.79, -1.18, -0.1
2021-11-30 21:07:43.378624, 36, 10.04, -12.12, 0.04, -0.1
2021-11-30 21:07:43.574739, 36, 7.77, -12.43, 0.00, -0.1
2021-11-30 21:07:43.791261, 36, 8.20, -12.40, 0.31, -0.1
2021-11-30 21:07:43.995014, 36, 7.85, -12.40, 0.31, -0.1
2021-11-30 21:07:44.205036, 36, 7.65, -12.55, 0.47, -0.1
2021-11-30 21:07:44.410081, 36, 7.88, -12.51, 0.20, -0.1
2021-11-30 21:07:44.599411, 36, 7.61, -12.55, 0.08, -0.1
2021-11-30 21:07:44.796783, 36, 8.47, -12.51, 1.65, -0.1
2021-11-30 21:07:45.008497, 36, 8.28, -12.40, 1.37, -0.1
2021-11-30 21:07:45.207121, 36, 7.53, -13.49, 1.57, -0.1
2021-11-30 21:07:45.405054, 36, 8.00, -13.81, 1.69, -0.1
2021-11-30 21:07:45.611303, 36, 4.08, -14.59, 0.35, -0.1
2021-11-30 21:07:45.791002, 36, 10.83, 0.39, -7.45, -0.1
2021-11-30 21:07:45.993778, 36, 10.40, 0.16, -3.77, -0.1
2021-11-30 21:07:46.198607, 36, 10.12, 0.04, -3.06, -0.1
2021-11-30 21:07:46.415455, 36, 10.67, 0.31, -3.14, -0.1
2021-11-30 21:07:46.619776, 36, 10.04, 0.31, -3.30, -0.1
2021-11-30 21:07:46.815422, 36, 10.43, 0.35, 2.20, -0.1
2021-11-30 21:07:47.022778, 36, 5.96, 0.63, 1.26, -0.1
2021-11-30 21:07:47.223965, 0, 0.47, 0.24, 5.84, -0.1
2021-11-30 21:07:47.434420, 0, 3.06, 3.77, -10.04, -0.1
2021-11-30 21:07:47.634731, 0, 10.12, 0.04, 0.31, -0.1
2021-11-30 21:07:47.823415, 0, 0.04, 0.00, 0.00, -0.1
2021-11-30 21:07:48.038999, 0, 0.00, 0.12, -4.86, -0.1
2021-11-30 21:07:48.216455, 0, 10.20, 0.82, 0.16, -0.1
2021-11-30 21:07:48.432757, 0, 10.20, 1.26, -4.98, -0.1
2021-11-30 21:07:48.634912, 0, 10.28, 1.02, -4.82, -0.1
2021-11-30 21:07:48.853508, 0, 10.28, 0.78, 0.00, -0.1
2021-11-30 21:07:49.046167, 0, 0.31, 1.26, 0.00, -0.1
2021-11-30 21:07:49.250223, 0, 10.12, 1.33, -4.90, -0.1
2021-11-30 21:07:49.429316, 0, 10.36, 1.37, -8.71, -0.1
2021-11-30 21:07:49.633059, 0, 0.00, 1.33, -3.77, -0.1
2021-11-30 21:07:49.842699, 0, 0.24, 0.16, -5.02, -0.1
2021-11-30 21:07:50.050757, 0, 0.08, 0.04, -13.96, -0.1
2021-11-30 21:07:50.238025, 0, 10.04, 0.12, -3.77, -0.1
2021-11-30 21:07:50.439740, 0, 0.35, 1.26, -8.79, -0.1
2021-11-30 21:07:50.663996, 0, 0.39, 1.26, -8.79, -0.1
2021-11-30 21:07:50.855184, 0, 0.35, 1.29, -8.79, -0.1
2021-11-30 21:07:51.056263, 0, 0.31, 1.33, -8.79, -0.1
2021-11-30 21:07:51.237441, 0, 0.39, 1.33, -8.79, -0.1
2021-11-30 21:07:51.443059, 0, 0.39, 1.26, -8.79, -0.1
2021-11-30 21:07:51.658327, 0, 0.31, 1.26, -8.79, -0.1
2021-11-30 21:07:51.850129, 0, 0.35, 1.33, -8.79, -0.1
2021-11-30 21:07:52.067239, 0, 0.31, 1.29, -8.75, -0.1
2021-11-30 21:07:52.255541, 0, 0.31, 1.29, -8.79, -0.1
2021-11-30 21:07:52.461865, 0, 0.31, 1.33, -8.75, -0.1
2021-11-30 21:07:52.663191, 0, 0.31, 1.37, -8.75, -0.1
2021-11-30 21:07:52.843781, 0, 0.39, 1.26, -8.79, -0.1
2021-11-30 21:07:53.053860, 0, 0.35, 1.29, -8.79, -0.1
2021-11-30 21:07:53.249949, 0, 0.39, 1.29, -8.63, -0.1
2021-11-30 21:07:53.469265, 0, 0.00, 1.33, -8.79, -0.1
2021-11-30 21:07:53.648637, 0, 0.35, 1.29, -8.47, -0.1
2021-11-30 21:07:53.881468, 0, 0.31, 1.33, -8.51, -0.1
2021-11-30 21:07:54.062020, 0, 0.39, 1.26, -8.79, -0.1
2021-11-30 21:07:54.252989, 0, 0.35, 1.37, -8.75, -0.1
2021-11-30 21:07:54.461608, 0, 0.39, 1.33, -8.63, -0.1
2021-11-30 21:07:54.675856, 0, 0.31, 1.33, -8.79, -0.1
2021-11-30 21:07:54.873908, 0, 0.39, 1.33, -8.55, -0.1
2021-11-30 21:07:55.079557, 0, 0.39, 1.37, -8.59, -0.1
2021-11-30 21:07:55.286878, 0, 0.31, 1.26, -8.55, -0.1
2021-11-30 21:07:55.459195, 0, 0.31, 1.29, -8.63, -0.1
2021-11-30 21:07:55.692563, 0, 0.35, 1.26, -8.59, -0.1
2021-11-30 21:07:55.871797, 0, 0.39, 1.37, -8.59, -0.1
2021-11-30 21:07:56.069935, 0, 0.35, 1.33, -8.47, -0.1
2021-11-30 21:07:56.273560, 0, 0.31, 1.33, -8.51, -0.1
2021-11-30 21:07:56.474675, 0, 0.31, 1.26, -8.79, -0.1
2021-11-30 21:07:56.687225, 0, 0.31, 1.26, -8.47, -0.1
2021-11-30 21:07:56.890137, 0, 0.35, 1.33, -8.75, -0.1
2021-11-30 21:07:57.069833, 0, 0.35, 1.33, -8.55, -0.1
2021-11-30 21:07:57.286460, 0, 0.39, 1.26, -8.79, -0.1
2021-11-30 21:07:57.477876, 0, 0.39, 1.29, -8.51, -0.1
2021-11-30 21:07:57.675095, 0, 0.39, 1.33, -8.79, -0.1
2021-11-30 21:07:57.896519, 0, 0.35, 1.33, -8.79, -0.1
2021-11-30 21:07:58.096307, 0, 0.31, 1.26, -8.75, -0.1
2021-11-30 21:07:58.305344, 0, 0.39, 1.33, -8.59, -0.1
2021-11-30 21:07:58.486652, 0, 0.31, 1.37, -8.79, -0.1
2021-11-30 21:07:58.692865, 0, 0.39, 1.37, -8.55, -0.1
2021-11-30 21:07:58.910782, 0, 0.39, 1.26, -8.63, -0.1
2021-11-30 21:07:59.112659, 0, 0.35, 1.26, -8.79, -0.1
2021-11-30 21:07:59.302930, 0, 0.39, 1.26, -8.55, -0.1
2021-11-30 21:07:59.501196, 0, 0.39, 1.33, -8.47, -0.1
2021-11-30 21:07:59.698787, 0, 0.31, 1.26, -8.79, -0.1
2021-11-30 21:07:59.888895, 0, 0.47, 1.33, -8.55, -0.1
2021-11-30 21:08:00.121388, 0, 0.31, 1.37, -8.51, -0.1
2021-11-30 21:08:00.296927, 0, 0.39, 1.33, -8.79, -0.1
2021-11-30 21:08:00.504233, 0, 0.39, 1.26, -8.79, -0.1
2021-11-30 21:08:00.724081, 0, 0.39, 1.33, -8.79, -0.1
2021-11-30 21:08:00.922523, 0, 0.35, 1.33, -8.79, -0.1
2021-11-30 21:08:01.119762, 0, 0.35, 1.33, -8.79, -0.1
2021-11-30 21:08:01.320658, 0, 0.35, 1.37, -8.75, -0.1
2021-11-30 21:08:01.508833, 0, 0.35, 1.26, -8.51, -0.1
2021-11-30 21:08:01.708646, 0, 0.35, 1.37, -8.47, -0.1
2021-11-30 21:08:01.915094, 0, 0.31, 1.29, -8.55, -0.1
2021-11-30 21:08:02.107390, 0, 0.35, 1.37, -8.55, -0.1
2021-11-30 21:08:02.325495, 0, 0.35, 1.33, -8.55, -0.1
2021-11-30 21:08:02.524739, 0, 0.31, 1.33, -8.55, -0.1
2021-11-30 21:08:02.708673, 0, 0.31, 1.33, -8.55, -0.1
2021-11-30 21:08:02.930368, 0, 0.31, 1.29, -8.59, -0.1
2021-11-30 21:08:03.142258, 0, 0.39, 1.33, -8.51, -0.1
2021-11-30 21:08:03.325379, 0, 0.31, 1.26, -8.63, -0.1
2021-11-30 21:08:03.530000, 0, 0.35, 1.37, -8.63, -0.1
2021-11-30 21:08:03.723872, 0, 0.39, 1.26, -8.79, -0.1
2021-11-30 21:08:03.925314, 0, 0.39, 1.26, -8.79, -0.1
2021-11-30 21:08:04.126670, 0, 0.39, 1.29, -8.59, -0.1
2021-11-30 21:08:04.339384, 0, 0.31, 1.29, -8.55, -0.1
2021-11-30 21:08:04.537747, 0, 0.39, 1.33, -8.51, -0.1
2021-11-30 21:08:04.724754, 0, 0.39, 1.29, -8.47, -0.1
2021-11-30 21:08:04.940029, 0, 0.39, 1.33, -8.55, -0.1
2021-11-30 21:08:05.131622, 0, 0.39, 1.33, -8.47, -0.1
2021-11-30 21:08:05.331784, 0, 0.35, 1.26, -8.79, -0.1
2021-11-30 21:08:05.555454, 0, 0.31, 1.33, -8.59, -0.1
2021-11-30 21:08:05.724043, 0, 0.27, 1.37, -8.47, -0.1
2021-11-30 21:08:05.925312, 0, 0.31, 1.41, -8.63, -0.1
2021-11-30 21:08:06.130394, 0, 0.31, 1.33, -8.79, -0.1
2021-11-30 21:08:06.331733, 0, 0.39, 1.33, -8.47, -0.1
2021-11-30 21:08:06.547617, 0, 0.39, 1.26, -8.59, -0.1
2021-11-30 21:08:06.757148, 0, 0.35, 1.33, -8.75, -0.1
2021-11-30 21:08:06.954775, 0, 0.31, 1.33, -8.55, -0.1
2021-11-30 21:08:07.154729, 0, 0.35, 1.33, -8.79, -0.1
2021-11-30 21:08:07.366618, 0, 0.31, 1.26, -8.63, -0.1
2021-11-30 21:08:07.569598, 0, 0.31, 1.29, -8.47, -0.1
2021-11-30 21:08:07.758516, 0, 0.31, 1.37, -8.55, -0.1
2021-11-30 21:08:07.955008, 0, 0.39, 1.26, -8.59, -0.1
2021-11-30 21:08:08.171396, 0, 0.35, 1.33, -8.51, -0.1
2021-11-30 21:08:08.352662, 0, 0.31, 1.33, -8.55, -0.1
2021-11-30 21:08:08.542321, 0, 0.39, 1.26, -8.55, -0.1
2021-11-30 21:08:08.757729, 0, 0.31, 1.26, -8.63, -0.1
2021-11-30 21:08:08.971667, 0, 0.35, 1.26, -8.55, -0.1
2021-11-30 21:08:09.147033, 0, 0.31, 1.26, -8.47, -0.1
2021-11-30 21:08:09.353216, 0, 0.31, 1.33, -8.63, -0.1
2021-11-30 21:08:09.563619, 0, 0.31, 1.29, -8.43, -0.1
2021-11-30 21:08:09.757386, 0, 0.31, 1.33, -8.79, -0.1
2021-11-30 21:08:09.980471, 0, 0.39, 1.29, -8.63, -0.1
2021-11-30 21:08:10.187310, 0, 0.31, 1.26, -8.59, -0.1
2021-11-30 21:08:10.379995, 0, 0.31, 1.26, -8.71, -0.1
2021-11-30 21:08:10.564157, 0, 0.35, 1.26, -8.63, -0.1
2021-11-30 21:08:10.758703, 0, 0.31, 1.26, -8.51, -0.1
2021-11-30 21:08:10.975108, 0, 0.31, 1.33, -8.59, -0.1
2021-11-30 21:08:11.171940, 0, 0.31, 1.37, -8.59, -0.1
2021-11-30 21:08:11.394352, 0, 0.31, 1.37, -8.79, -0.1
2021-11-30 21:08:11.587357, 0, 0.35, 1.33, -8.51, -0.1
2021-11-30 21:08:11.788467, 0, 0.39, 1.26, -8.63, -0.1
2021-11-30 21:08:11.989717, 0, 0.39, 1.33, -8.47, -0.1
2021-11-30 21:08:12.186293, 0, 0.39, 1.26, -8.79, -0.1
2021-11-30 21:08:12.383440, 0, 0.39, 1.29, -8.79, -0.1
2021-11-30 21:08:12.588901, 0, 0.39, 1.26, -8.55, -0.1
2021-11-30 21:08:12.777167, 0, 0.31, 1.37, -8.79, -0.1
2021-11-30 21:08:12.999064, 0, 0.35, 1.33, -8.55, -0.1
2021-11-30 21:08:13.202829, 0, 0.39, 1.33, -8.47, -0.1
2021-11-30 21:08:13.387036, 0, 0.31, 1.26, -8.47, -0.1
2021-11-30 21:08:13.590146, 0, 0.31, 1.37, -8.47, -0.1
2021-11-30 21:08:13.796217, 0, 0.35, 1.26, -8.79, -0.1
2021-11-30 21:08:14.011748, 0, 0.31, 1.29, -8.51, -0.1
2021-11-30 21:08:14.211893, 0, 0.31, 1.26, -8.63, -0.1
2021-11-30 21:08:14.400567, 0, 0.39, 1.33, -8.63, -0.1
2021-11-30 21:08:14.602756, 0, 0.31, 1.37, -8.55, -0.1
2021-11-30 21:08:14.803618, 0, 0.39, 1.33, -8.55, -0.1
2021-11-30 21:08:15.014778, 0, 0.35, 1.29, -8.79, -0.1
2021-11-30 21:08:15.194093, 0, 0.35, 1.41, -8.51, -0.1
2021-11-30 21:08:15.399521, 0, 0.35, 1.33, -8.59, -0.1
2021-11-30 21:08:15.615848, 0, 0.31, 1.33, -8.59, -0.1
2021-11-30 21:08:15.817686, 0, 0.31, 1.26, -8.55, -0.1
2021-11-30 21:08:16.016212, 0, 0.31, 1.29, -8.59, -0.1
2021-11-30 21:08:16.205275, 0, 0.35, 1.33, -8.79, -0.1
2021-11-30 21:08:16.423033, 0, 0.39, 1.29, -8.63, -0.1
2021-11-30 21:08:16.620176, 0, 0.39, 1.41, -8.63, -0.1
2021-11-30 21:08:16.820842, 0, 0.31, 1.33, -8.51, -0.1
2021-11-30 21:08:17.042026, 0, 0.31, 1.26, -8.55, -0.1
2021-11-30 21:08:17.222033, 0, 0.31, 1.37, -8.75, -0.1
2021-11-30 21:08:17.423911, 0, 0.35, 1.26, -8.51, -0.1
2021-11-30 21:08:17.622042, 0, 0.35, 1.26, -8.63, -0.1
2021-11-30 21:08:17.838395, 0, 0.31, 1.26, -8.79, -0.1
2021-11-30 21:08:18.023991, 0, 0.31, 1.26, -8.63, -0.1
2021-11-30 21:08:18.234500, 0, 0.31, 1.26, -8.55, -0.1
2021-11-30 21:08:18.428378, 0, 0.31, 1.33, -8.79, -0.1
2021-11-30 21:08:18.631288, 0, 0.31, 1.37, -8.47, -0.1
2021-11-30 21:08:18.846776, 0, 0.31, 1.33, -8.55, -0.1
2021-11-30 21:08:19.050533, 0, 0.39, 1.26, -8.47, -0.1
2021-11-30 21:08:19.250472, 0, 0.35, 1.41, -8.63, -0.1
2021-11-30 21:08:19.432384, 0, 0.35, 1.37, -8.55, -0.1
2021-11-30 21:08:19.623979, 0, 0.39, 1.29, -8.79, -0.1
2021-11-30 21:08:19.825176, 0, 0.31, 1.29, -8.55, -0.1
2021-11-30 21:08:20.036076, 0, 0.31, 1.29, -8.79, -0.1
2021-11-30 21:08:20.251966, 0, 0.35, 1.26, -8.51, -0.1
2021-11-30 21:08:20.458831, 0, 0.39, 1.26, -8.55, -0.1
2021-11-30 21:08:20.663170, 0, 0.31, 1.37, -8.63, -0.1
2021-11-30 21:08:20.855154, 0, 0.31, 1.33, -8.63, -0.1
2021-11-30 21:08:21.056028, 0, 0.39, 1.26, -8.59, -0.1
2021-11-30 21:08:21.258760, 0, 0.39, 1.26, -8.59, -0.1
2021-11-30 21:08:21.450986, 0, 0.31, 1.26, -8.55, -0.1
2021-11-30 21:08:21.662803, 0, 0.39, 1.37, -8.79, -0.1
2021-11-30 21:08:21.863285, 0, 0.31, 1.26, -8.55, -0.1
2021-11-30 21:08:22.061417, 0, 0.35, 1.26, -8.59, -0.1
2021-11-30 21:08:22.277962, 0, 0.31, 1.26, -8.55, -0.1
2021-11-30 21:08:22.456513, 0, 0.31, 1.37, -8.55, -0.1
2021-11-30 21:08:22.655268, 0, 0.39, 1.33, -8.63, -0.1
2021-11-30 21:08:22.870220, 0, 0.31, 1.26, -8.51, -0.1
2021-11-30 21:08:23.073397, 0, 0.39, 1.33, -8.79, -0.1
2021-11-30 21:08:23.266352, 0, 0.35, 1.37, -8.55, -0.1
2021-11-30 21:08:23.463475, 0, 0.31, 1.26, -8.79, -0.1
2021-11-30 21:08:23.670999, 0, 0.31, 1.29, -8.79, -0.1
2021-11-30 21:08:23.877665, 0, 0.35, 1.26, -8.79, -0.1
2021-11-30 21:08:24.079371, 0, 0.31, 1.26, -8.55, -0.1
2021-11-30 21:08:24.279342, 0, 0.31, 1.37, -8.55, -0.1
2021-11-30 21:08:24.479830, 0, 0.39, 1.33, -8.79, -0.1
2021-11-30 21:08:24.703625, 0, 0.31, 1.26, -8.51, -0.1
2021-11-30 21:08:24.880042, 0, 0.31, 1.29, -8.55, -0.1
2021-11-30 21:08:25.078634, 0, 0.35, 1.26, -8.79, -0.1
2021-11-30 21:08:25.281497, 0, 0.31, 1.33, -8.59, -0.1
2021-11-30 21:08:25.481288, 0, 0.31, 1.33, -8.75, -0.1
2021-11-30 21:08:25.685576, 0, 0.39, 1.26, -8.59, -0.1
2021-11-30 21:08:25.901809, 0, 0.31, 1.26, -8.55, -0.1
2021-11-30 21:08:26.079927, 0, 0.35, 1.26, -8.63, -0.1
2021-11-30 21:08:26.286232, 0, 0.31, 1.26, -8.79, -0.1
2021-11-30 21:08:26.490887, 0, 0.39, 1.37, -8.51, -0.1
2021-11-30 21:08:26.702941, 0, 0.31, 1.26, -8.51, -0.1
2021-11-30 21:08:26.904826, 0, 0.31, 1.26, -8.55, -0.1
2021-11-30 21:08:27.119625, 0, 0.31, 1.26, -8.47, -0.1
2021-11-30 21:08:27.297124, 0, 0.31, 1.26, -8.55, -0.1
2021-11-30 21:08:27.506210, 0, 0.31, 1.33, -8.59, -0.1
2021-11-30 21:08:27.708531, 0, 0.39, 1.26, -8.59, -0.1
2021-11-30 21:08:27.888381, 0, 0.35, 1.29, -8.75, -0.1
2021-11-30 21:08:28.092198, 0, 0.31, 1.33, -8.63, -0.1
2021-11-30 21:08:28.287150, 0, 0.00, 1.26, -8.75, -0.1
2021-11-30 21:08:28.492130, 0, 0.31, 1.33, -8.75, -0.1
2021-11-30 21:08:28.701541, 0, 0.31, 1.33, -8.79, -0.1
2021-11-30 21:08:28.916975, 0, 0.31, 1.29, -8.71, -0.1
2021-11-30 21:08:29.111766, 0, 0.39, 1.37, -8.32, -0.1
2021-11-30 21:08:29.309834, 0, 0.39, 1.33, -8.51, -0.1
2021-11-30 21:08:29.524337, 0, 0.39, 1.33, -8.43, -0.1
2021-11-30 21:08:29.724194, 0, 0.31, 1.26, -8.75, -0.1
2021-11-30 21:08:29.902133, 0, 0.43, 1.26, -8.47, -0.1
2021-11-30 21:08:30.115824, 0, 0.31, 1.26, -8.47, -0.1
2021-11-30 21:08:30.320889, 0, 0.31, 1.26, -8.47, -0.1
2021-11-30 21:08:30.521024, 0, 0.31, 1.26, -8.43, -0.1
2021-11-30 21:08:30.726007, 0, 0.43, 1.29, -8.47, -0.1
2021-11-30 21:08:30.912612, 0, 0.35, 1.29, -8.47, -0.1
2021-11-30 21:08:31.133214, 0, 0.31, 1.26, -8.47, -0.1
2021-11-30 21:08:31.329635, 0, 0.31, 1.26, -8.79, -0.1
2021-11-30 21:08:31.527085, 0, 0.39, 1.33, -8.67, -0.1
2021-11-30 21:08:31.741702, 0, 0.35, 1.26, -8.47, -0.1
2021-11-30 21:08:31.925068, 0, 0.35, 1.26, -8.47, -0.1
2021-11-30 21:08:32.127793, 0, 0.31, 1.33, -8.47, -0.1
2021-11-30 21:08:32.330494, 0, 0.35, 1.26, -8.47, -0.1
2021-11-30 21:08:32.534240, 0, 0.35, 1.26, -8.39, -0.1
2021-11-30 21:08:32.740004, 0, 6.32, 0.16, -6.86, -0.1
2021-11-30 21:08:32.942256, 0, 7.61, 5.22, -9.73, -0.1
2021-11-30 21:08:33.151915, 0, 6.75, 6.28, -9.41, -0.1
2021-11-30 21:08:33.351516, 0, 4.08, 6.32, -6.20, -0.1
2021-11-30 21:08:33.536673, 0, 0.00, 6.32, -6.90, -0.1
2021-11-30 21:08:33.740589, 0, 2.67, 5.18, -10.04, -0.1
2021-11-30 21:08:33.955796, 0, 7.85, 5.65, -5.65, -0.1
2021-11-30 21:08:34.158264, 0, 9.10, 10.51, 1.26, -0.1
2021-11-30 21:08:34.353713, 0, 6.59, 10.04, -7.37, -0.1
2021-11-30 21:08:34.540092, 0, 5.96, 5.49, -7.45, -0.1
2021-11-30 21:08:34.756772, 0, 3.80, 1.57, -9.73, -0.1
2021-11-30 21:08:34.944998, 0, 1.41, 1.41, -8.59, -0.1
2021-11-30 21:08:35.160892, 0, 2.51, 1.26, -9.57, -0.1
2021-11-30 21:08:35.350599, 0, 2.94, 1.26, -9.96, -0.1
2021-11-30 21:08:35.542873, 0, 2.82, 1.26, -9.89, -0.1
2021-11-30 21:08:35.758238, 0, 2.86, 1.88, -9.57, -0.1
2021-11-30 21:08:35.971839, 0, 0.39, -2.90, -5.96, -0.1
2021-11-30 21:08:36.167454, 0, 0.00, 0.31, -17.34, -0.1
2021-11-30 21:08:36.368859, 0, 10.75, -4.71, 3.80, -0.1
2021-11-30 21:08:36.561672, 0, 9.06, -3.02, -9.41, -0.1
2021-11-30 21:08:36.751712, 0, 0.47, 1.57, -10.04, -0.1
2021-11-30 21:08:36.965546, 0, 0.39, 1.73, -8.79, -0.1
2021-11-30 21:08:37.161610, 0, 0.31, 1.73, -8.55, -0.1
2021-11-30 21:08:37.364466, 0, 0.31, 1.77, -8.71, -0.1
2021-11-30 21:08:37.580773, 0, 0.31, 1.73, -8.63, -0.1
2021-11-30 21:08:37.774091, 0, 0.31, 1.69, -8.55, -0.1
2021-11-30 21:08:37.968272, 0, 10.16, 0.16, -13.02, -0.1
2021-11-30 21:08:38.171368, 0, 0.12, 0.31, -4.28, -0.1
2021-11-30 21:08:38.374922, 0, 9.73, 1.88, -9.38, -0.1
2021-11-30 21:08:38.579360, 0, 5.18, 0.16, -5.53, -0.1
2021-11-30 21:08:38.780925, 0, 5.45, 0.16, -7.22, -0.1
2021-11-30 21:08:38.986857, 0, 5.18, 1.18, -10.04, -0.1
2021-11-30 21:08:39.179572, 0, 2.86, 0.16, -9.65, -0.1
2021-11-30 21:08:39.380253, 0, 3.14, 0.12, -9.96, -0.1
2021-11-30 21:08:39.581003, 0, 0.08, 0.08, -9.89, -0.1
2021-11-30 21:08:39.789058, 0, 0.24, 0.08, -10.04, -0.1
2021-11-30 21:08:39.994621, 0, 0.31, 0.39, -8.79, -0.1
2021-11-30 21:08:40.186573, 0, 2.51, 1.61, -7.45, -0.1
2021-11-30 21:08:40.423375, 0, 2.75, 0.00, -7.22, -0.1
2021-11-30 21:08:40.606812, 0, 2.51, 0.16, -7.37, -0.1
2021-11-30 21:08:40.785779, 0, 1.33, 0.08, -7.45, -0.1
2021-11-30 21:08:40.992794, 0, 2.79, 0.00, -7.26, -0.1
2021-11-30 21:08:41.201355, 0, 2.51, 0.16, -7.37, -0.1
2021-11-30 21:08:41.383721, 0, 2.71, 0.00, -7.37, -0.1
2021-11-30 21:08:41.593029, 0, 1.26, 0.08, -7.53, -0.1
2021-11-30 21:08:41.807254, 0, 3.61, 0.20, -7.53, -0.1
2021-11-30 21:08:41.994744, 0, 3.45, 1.41, -8.98, -0.1
2021-11-30 21:08:42.204189, 0, 2.59, 1.26, -9.18, -0.1
2021-11-30 21:08:42.408011, 0, 3.53, 1.29, -9.14, -0.1
2021-11-30 21:08:42.610993, 0, 2.59, 1.33, -9.10, -0.1
2021-11-30 21:08:42.821243, 0, 3.77, 1.33, -9.38, -0.1
2021-11-30 21:08:43.013995, 0, 3.33, 1.49, -9.02, -0.1
2021-11-30 21:08:43.211503, 0, 2.75, 1.29, -7.53, -0.1
2021-11-30 21:08:43.388907, 0, 3.73, 1.26, -9.81, -0.1
2021-11-30 21:08:43.604416, 0, 3.45, 1.41, -7.92, -0.1
2021-11-30 21:08:43.812984, 0, 1.26, 0.00, -10.04, -0.1
2021-11-30 21:08:44.010395, 0, 2.86, 1.33, -8.79, -0.1
2021-11-30 21:08:44.225482, 0, 3.22, 1.26, -10.04, -0.1
2021-11-30 21:08:44.414635, 0, 3.02, 1.29, -8.87, -0.1
2021-11-30 21:08:44.622248, 0, 5.69, 0.08, -9.10, -0.1
2021-11-30 21:08:44.826959, 0, 7.61, 1.57, -8.71, -0.1
2021-11-30 21:08:45.029499, 0, 7.22, 1.61, -6.35, -0.1
2021-11-30 21:08:45.226366, 0, 0.00, 0.47, -9.18, -0.1
2021-11-30 21:08:45.426484, 0, 10.08, 1.73, -24.79, -0.1
2021-11-30 21:08:45.623534, 0, 0.04, 1.57, -9.73, -0.1
2021-11-30 21:08:45.823803, 0, 0.16, 0.16, -10.00, -0.1
2021-11-30 21:08:46.025531, 0, 0.04, 0.20, -9.26, -0.1
2021-11-30 21:08:46.231027, 0, 0.16, 0.16, -10.00, -0.1
2021-11-30 21:08:46.433576, 0, 0.12, 0.00, -10.04, -0.1
2021-11-30 21:08:46.629186, 0, 0.16, 0.16, -9.22, -0.1
2021-11-30 21:08:46.841585, 0, 0.16, 0.16, -10.04, -0.1
2021-11-30 21:08:47.031477, 0, 0.16, 0.16, -10.04, -0.1
2021-11-30 21:08:47.246992, 0, 0.00, 0.12, -9.26, -0.1
2021-11-30 21:08:47.425352, 0, 0.00, 0.16, -10.04, -0.1
2021-11-30 21:08:47.622634, 0, 0.16, 0.16, -9.96, -0.1
2021-11-30 21:08:47.848342, 0, 0.00, 0.16, -10.00, -0.1
2021-11-30 21:08:48.044561, 0, 0.00, 0.04, -9.30, -0.1
2021-11-30 21:08:48.235808, 0, 0.08, 0.31, -10.04, -0.1
2021-11-30 21:08:48.442251, 0, 0.04, 0.31, -10.04, -0.1
2021-11-30 21:08:48.631759, 0, 0.04, 0.16, -10.04, -0.1
2021-11-30 21:08:48.848997, 0, 0.04, 0.16, -10.04, -0.1
2021-11-30 21:08:49.051146, 0, 0.00, 0.20, -9.96, -0.1
2021-11-30 21:08:49.252065, 0, 0.00, 0.31, -10.04, -0.1
2021-11-30 21:08:49.424881, 0, 0.00, 0.31, -10.00, -0.1
2021-11-30 21:08:49.638217, 0, 0.00, 0.35, -10.04, -0.1
2021-11-30 21:08:49.835744, 0, 0.00, 0.16, -10.00, -0.1
2021-11-30 21:08:50.041961, 0, 0.08, 0.31, -10.04, -0.1
2021-11-30 21:08:50.245371, 0, 0.08, 0.31, -10.04, -0.1
2021-11-30 21:08:50.449296, 0, 0.12, 0.31, -10.00, -0.1
2021-11-30 21:08:50.647070, 0, 0.08, 0.31, -10.04, -0.1
2021-11-30 21:08:50.871135, 0, 0.12, 0.31, -10.00, -0.1
2021-11-30 21:08:51.063675, 0, 0.00, 0.35, -9.96, -0.1
2021-11-30 21:08:51.267000, 0, 0.08, 0.31, -10.00, -0.1
2021-11-30 21:08:51.444029, 0, 0.08, 0.31, -10.00, -0.1
2021-11-30 21:08:51.661903, 0, 0.08, 0.35, -10.00, -0.1
2021-11-30 21:08:51.862472, 0, 0.00, 0.31, -10.04, -0.1
2021-11-30 21:08:52.069011, 0, 0.00, 0.31, -10.00, -0.1
2021-11-30 21:08:52.262400, 0, 0.00, 0.31, -9.96, -0.1
2021-11-30 21:08:52.461829, 0, 0.00, 0.31, -9.96, -0.1
2021-11-30 21:08:52.669331, 0, 0.00, 0.39, -10.04, -0.1
2021-11-30 21:08:52.873852, 0, 0.08, 0.31, -10.04, -0.1
2021-11-30 21:08:53.069080, 0, 0.00, 0.31, -10.04, -0.1
2021-11-30 21:08:53.279779, 0, 0.16, 0.31, -10.04, -0.1
2021-11-30 21:08:53.469384, 0, 0.00, 0.16, -10.00, -0.1
2021-11-30 21:08:53.663897, 0, 0.12, 0.31, -10.00, -0.1
2021-11-30 21:08:53.869299, 0, 0.08, 0.31, -10.04, -0.1
2021-11-30 21:08:54.070390, 0, 0.16, 0.35, -9.96, -0.1
2021-11-30 21:08:54.281905, 0, 0.00, 0.31, -10.04, -0.1
2021-11-30 21:08:54.463621, 0, 0.00, 0.31, -10.00, -0.1
2021-11-30 21:08:54.668637, 0, 0.20, 0.35, -10.04, -0.1
2021-11-30 21:08:54.880420, 0, 0.00, 0.31, -10.04, -0.1
2021-11-30 21:08:55.080984, 0, 0.16, 0.39, -10.04, -0.1
2021-11-30 21:08:55.269077, 0, 0.12, 0.31, -10.04, -0.1
2021-11-30 21:08:55.469925, 0, 0.12, 0.31, -10.04, -0.1
2021-11-30 21:08:55.670077, 0, 0.16, 0.31, -9.96, -0.1
2021-11-30 21:08:55.874179, 0, 0.00, 0.31, -10.00, -0.1
2021-11-30 21:08:56.079224, 0, 0.16, 0.31, -10.04, -0.1
2021-11-30 21:08:56.288854, 0, 0.00, 0.31, -9.92, -0.1
2021-11-30 21:08:56.492305, 0, 0.00, 0.31, -10.04, -0.1
2021-11-30 21:08:56.688859, 0, 0.12, 0.31, -9.30, -0.1
2021-11-30 21:08:56.898994, 0, 0.04, 0.35, -10.04, -0.1
2021-11-30 21:08:57.069307, 0, 0.16, 0.31, -10.04, -0.1
2021-11-30 21:08:57.279057, 0, 0.16, 0.43, -10.00, -0.1
2021-11-30 21:08:57.480271, 0, 0.08, 0.39, -10.04, -0.1
2021-11-30 21:08:57.691634, 0, 0.00, 0.31, -10.04, -0.1
2021-11-30 21:08:57.896342, 0, 0.16, 0.31, -10.04, -0.1
2021-11-30 21:08:58.092369, 0, 0.16, 0.31, -9.96, -0.1
2021-11-30 21:08:58.292456, 0, 0.16, 0.31, -10.00, -0.1
2021-11-30 21:08:58.499050, 0, 0.04, 0.31, -10.00, -0.1
2021-11-30 21:08:58.693267, 0, 0.00, 0.31, -9.89, -0.1
2021-11-30 21:08:58.893188, 0, 0.20, 0.31, -10.04, -0.1
2021-11-30 21:08:59.098576, 0, 0.00, 0.31, -9.96, -0.1
2021-11-30 21:08:59.301340, 0, 0.16, 0.39, -10.04, -0.1
2021-11-30 21:08:59.508920, 0, 0.00, 0.35, -10.04, -0.1
2021-11-30 21:08:59.708953, 0, 0.16, 0.31, -9.96, -0.1
2021-11-30 21:08:59.909201, 0, 0.04, 0.31, -10.04, -0.1
2021-11-30 21:09:00.109298, 0, 0.16, 0.47, -10.04, -0.1
2021-11-30 21:09:00.309594, 0, 0.00, 0.35, -10.04, -0.1
2021-11-30 21:09:00.518850, 0, 0.12, 0.39, -9.96, -0.1
2021-11-30 21:09:00.718978, 0, 0.04, 0.31, -10.04, -0.1
2021-11-30 21:09:00.929047, 0, 0.16, 0.35, -10.00, -0.1
2021-11-30 21:09:01.111168, 0, 0.16, 0.35, -10.04, -0.1
2021-11-30 21:09:01.309247, 0, 0.00, 0.31, -10.04, -0.1
2021-11-30 21:09:01.509309, 0, 0.16, 0.31, -10.04, -0.1
2021-11-30 21:09:01.709215, 0, 0.00, 0.31, -9.96, -0.1
2021-11-30 21:09:01.919006, 0, 0.16, 0.39, -10.00, -0.1
2021-11-30 21:09:02.120594, 0, 0.16, 0.31, -10.00, -0.1
2021-11-30 21:09:02.328893, 0, 0.16, 0.31, -9.96, -0.1
2021-11-30 21:09:02.520735, 0, 0.04, 0.31, -10.00, -0.1
2021-11-30 21:09:02.730018, 0, 0.16, 0.39, -10.04, -0.1
2021-11-30 21:09:02.939259, 0, 0.04, 0.31, -10.04, -0.1
2021-11-30 21:09:03.114213, 0, 0.16, 0.39, -10.04, -0.1
2021-11-30 21:09:03.321759, 0, 0.04, 0.47, -10.04, -0.1
2021-11-30 21:09:03.529649, 0, 0.16, 0.39, -10.04, -0.1
2021-11-30 21:09:03.734045, 0, 0.16, 0.31, -9.96, -0.1
2021-11-30 21:09:03.928954, 0, 0.04, 0.31, -9.96, -0.1
2021-11-30 21:09:04.135463, 0, 0.16, 0.35, -10.04, -0.1
2021-11-30 21:09:04.328906, 0, 0.04, 0.31, -9.96, -0.1
2021-11-30 21:09:04.539025, 0, 0.04, 0.31, -10.04, -0.1
2021-11-30 21:09:04.741476, 0, 0.04, 0.31, -10.00, -0.1
2021-11-30 21:09:04.949271, 0, 0.16, 0.43, -10.04, -0.1
2021-11-30 21:09:05.139127, 0, 0.20, 0.43, -10.04, -0.1
2021-11-30 21:09:05.328860, 0, 0.16, 0.31, -10.04, -0.1
2021-11-30 21:09:05.529133, 0, 0.16, 0.31, -9.89, -0.1
2021-11-30 21:09:05.751724, 0, 0.04, 0.35, -10.00, -0.1
2021-11-30 21:09:05.953849, 0, 0.12, 0.47, -10.04, -0.1
2021-11-30 21:09:06.129261, 0, 0.00, 0.51, -10.04, -0.1
2021-11-30 21:09:06.339592, 0, 0.16, 0.31, -10.04, -0.1
2021-11-30 21:09:06.548964, 0, 0.16, 0.35, -10.00, -0.1
2021-11-30 21:09:06.748838, 0, 0.20, 0.43, -10.00, -0.1
2021-11-30 21:09:06.928968, 0, 0.24, 0.39, -9.22, -0.1
2021-11-30 21:09:07.140487, 0, 0.16, 0.35, -10.04, -0.1
2021-11-30 21:09:07.342727, 0, 0.16, 0.31, -10.00, -0.1
2021-11-30 21:09:07.555830, 0, 0.20, 0.31, -10.00, -0.1
2021-11-30 21:09:07.762867, 0, 0.16, 0.43, -10.04, -0.1
2021-11-30 21:09:07.954143, 0, 0.16, 0.47, -10.00, -0.1
2021-11-30 21:09:08.159069, 0, 0.16, 0.35, -9.96, -0.1
2021-11-30 21:09:08.358971, 0, 0.16, 0.31, -10.04, -0.1
2021-11-30 21:09:08.564089, 0, 0.16, 0.47, -9.96, -0.1
2021-11-30 21:09:08.759489, 0, 0.16, 0.31, -9.30, -0.1
2021-11-30 21:09:08.969236, 0, 0.12, 0.31, -10.00, -0.1
2021-11-30 21:09:09.171020, 0, 0.04, 0.47, -9.92, -0.1
2021-11-30 21:09:09.375037, 0, 0.16, 0.35, -10.04, -0.1
2021-11-30 21:09:09.559083, 0, 0.20, 0.31, -10.00, -0.1
2021-11-30 21:09:09.759002, 0, 0.16, 0.31, -10.04, -0.1
2021-11-30 21:09:09.968856, 0, 0.16, 0.31, -10.00, -0.1
2021-11-30 21:09:10.175441, 0, 0.16, 0.35, -9.96, -0.1
2021-11-30 21:09:10.376049, 0, 0.04, 0.31, -9.96, -0.1
2021-11-30 21:09:10.559214, 0, 0.20, 0.31, -10.04, -0.1
2021-11-30 21:09:10.769324, 0, 0.08, 0.51, -10.04, -0.1
2021-11-30 21:09:10.978883, 0, 0.20, 0.31, -10.04, -0.1
2021-11-30 21:09:11.179061, 0, 0.16, 0.39, -10.00, -0.1
2021-11-30 21:09:11.381321, 0, 0.16, 0.31, -10.04, -0.1
2021-11-30 21:09:11.579342, 0, 0.16, 0.31, -10.04, -0.1
2021-11-30 21:09:11.790374, 0, 0.16, 0.31, -9.96, -0.1
2021-11-30 21:09:11.989214, 0, 0.00, 0.31, -10.04, -0.1
2021-11-30 21:09:12.192151, 0, 0.16, 0.47, -10.04, -0.1
2021-11-30 21:09:12.389137, 0, 0.16, 0.47, -10.04, -0.1
2021-11-30 21:09:12.598986, 0, 0.16, 0.43, -10.04, -0.1
2021-11-30 21:09:12.788894, 0, 0.00, 0.31, -10.04, -0.1
2021-11-30 21:09:12.978854, 0, 0.04, 0.35, -9.92, -0.1
2021-11-30 21:09:13.181894, 0, 0.16, 0.31, -10.04, -0.1
2021-11-30 21:09:13.378839, 0, 0.08, 0.31, -9.89, -0.1
2021-11-30 21:09:13.578849, 0, 0.20, 0.31, -9.96, -0.1
2021-11-30 21:09:13.789282, 0, 0.16, 0.35, -10.00, -0.1
2021-11-30 21:09:13.998019, 0, 0.04, 0.47, -10.00, -0.1
2021-11-30 21:09:14.201428, 0, 0.16, 0.47, -10.00, -0.1
2021-11-30 21:09:14.395457, 0, 0.20, 0.39, -9.96, -0.1
2021-11-30 21:09:14.598788, 0, 0.16, 0.31, -9.96, -0.1
2021-11-30 21:09:14.799261, 0, 0.16, 0.35, -10.04, -0.1
2021-11-30 21:09:15.009152, 0, 0.04, 0.47, -9.92, -0.1
2021-11-30 21:09:15.213774, 0, 0.04, 0.31, -10.04, -0.1
2021-11-30 21:09:15.394181, 0, 0.20, 0.31, -10.04, -0.1
2021-11-30 21:09:15.613981, 0, 0.20, 0.31, -10.04, -0.1
2021-11-30 21:09:15.819214, 0, 0.20, 0.47, -10.04, -0.1
2021-11-30 21:09:16.011380, 0, 0.16, 0.51, -10.04, -0.1
2021-11-30 21:09:16.213004, 0, 0.16, 0.47, -10.04, -0.1
2021-11-30 21:09:16.418767, 0, 0.16, 0.31, -10.04, -0.1
2021-11-30 21:09:16.622344, 0, 0.16, 0.31, -10.00, -0.1
2021-11-30 21:09:16.830797, 0, 0.16, 0.47, -10.04, -0.1
2021-11-30 21:09:17.013766, 0, 0.16, 0.43, -9.96, -0.1
2021-11-30 21:09:17.218932, 0, 0.16, 0.35, -10.00, -0.1
2021-11-30 21:09:17.418856, 0, 0.16, 0.35, -9.92, -0.1
2021-11-30 21:09:17.628961, 0, 0.20, 0.31, -9.96, -0.1
2021-11-30 21:09:17.834116, 0, 0.16, 0.31, -10.04, -0.1
2021-11-30 21:09:18.029117, 0, 0.20, 0.35, -9.96, -0.1
2021-11-30 21:09:18.218853, 0, 0.16, 0.31, -10.04, -0.1
2021-11-30 21:09:18.428818, 0, 0.04, 0.51, -9.96, -0.1
2021-11-30 21:09:18.632264, 0, 0.08, 0.31, -10.04, -0.1
2021-11-30 21:09:18.834203, 0, 0.20, 0.47, -10.00, -0.1
2021-11-30 21:09:19.023087, 0, 0.00, 0.47, -10.04, -0.1
2021-11-30 21:09:19.232882, 0, 0.16, 0.47, -10.00, -0.1
2021-11-30 21:09:19.439044, 0, 0.16, 0.35, -10.04, -0.1
2021-11-30 21:09:19.649367, 0, 0.16, 0.31, -10.00, -0.1
2021-11-30 21:09:19.839119, 0, 0.16, 0.51, -9.89, -0.1
2021-11-30 21:09:20.044024, 0, 0.04, 0.47, -10.04, -0.1
2021-11-30 21:09:20.239035, 0, 0.20, 0.47, -10.04, -0.1
2021-11-30 21:09:20.454227, 0, 0.16, 0.39, -10.00, -0.1
2021-11-30 21:09:20.654058, 0, 0.20, 0.35, -10.04, -0.1
2021-11-30 21:09:20.845246, 0, 0.16, 0.47, -9.96, -0.1
2021-11-30 21:09:21.034079, 0, 0.16, 0.47, -10.04, -0.1
2021-11-30 21:09:21.249124, 0, 0.16, 0.47, -10.04, -0.1
2021-11-30 21:09:21.450732, 0, 0.16, 0.47, -9.89, -0.1
2021-11-30 21:09:21.651707, 0, 0.04, 0.31, -10.04, -0.1
2021-11-30 21:09:21.839167, 0, 0.20, 0.39, -10.04, -0.1
2021-11-30 21:09:22.051164, 0, 0.16, 0.31, -10.04, -0.1
2021-11-30 21:09:22.258906, 0, 0.16, 0.47, -10.00, -0.1
2021-11-30 21:09:22.458916, 0, 0.16, 0.43, -10.04, -0.1
2021-11-30 21:09:22.668309, 0, 0.04, 0.31, -10.04, -0.1
2021-11-30 21:09:22.868990, 0, 0.20, 0.39, -10.00, -0.1
2021-11-30 21:09:23.058954, 0, 0.04, 0.47, -10.04, -0.1
2021-11-30 21:09:23.263548, 0, 0.16, 0.31, -10.04, -0.1
2021-11-30 21:09:23.455940, 0, 0.20, 0.43, -9.96, -0.1
2021-11-30 21:09:23.669043, 0, 0.08, 0.47, -10.04, -0.1
2021-11-30 21:09:23.874008, 0, 0.16, 0.43, -9.96, -0.1
2021-11-30 21:09:24.080114, 0, 0.16, 0.47, -10.04, -0.1
2021-11-30 21:09:24.260100, 0, 0.00, 0.31, -10.04, -0.1
2021-11-30 21:09:24.458938, 0, 0.16, 0.31, -10.04, -0.1
2021-11-30 21:09:24.659327, 0, 0.04, 0.31, -9.96, -0.1
2021-11-30 21:09:24.873322, 0, 0.00, 0.47, -10.04, -0.1
2021-11-30 21:09:25.058958, 0, 0.00, 0.35, -10.00, -0.1
2021-11-30 21:09:25.258842, 0, 0.16, 0.31, -10.04, -0.1
2021-11-30 21:09:25.463888, 0, 0.16, 0.31, -10.04, -0.1
2021-11-30 21:09:25.685418, 0, 0.04, 0.51, -10.04, -0.1
2021-11-30 21:09:25.864094, 0, 0.16, 0.47, -9.96, -0.1
2021-11-30 21:09:26.089207, 0, 0.16, 0.47, -10.00, -0.1
2021-11-30 21:09:26.288931, 0, 0.16, 0.31, -10.04, -0.1
2021-11-30 21:09:26.488941, 0, 0.04, 0.47, -10.04, -0.1
2021-11-30 21:09:26.669067, 0, 0.04, 0.31, -10.04, -0.1
2021-11-30 21:09:26.879208, 0, 0.16, 0.47, -10.04, -0.1
2021-11-30 21:09:27.087080, 0, 0.04, 0.47, -10.00, -0.1
2021-11-30 21:09:27.278821, 0, 0.20, 0.31, -10.04, -0.1
2021-11-30 21:09:27.484060, 0, 0.16, 0.31, -9.89, -0.1
2021-11-30 21:09:27.689080, 0, 0.04, 0.39, -10.04, -0.1
2021-11-30 21:09:27.899162, 0, 0.16, 0.35, -10.04, -0.1
2021-11-30 21:09:28.104912, 0, 0.20, 0.31, -10.04, -0.1
2021-11-30 21:09:28.310134, 0, 0.00, 0.31, -10.04, -0.1
2021-11-30 21:09:28.499069, 0, 0.04, 0.47, -9.96, -0.1
2021-11-30 21:09:28.709703, 0, 0.16, 0.31, -10.04, -0.1
2021-11-30 21:09:28.899019, 0, 0.20, 0.31, -10.00, -0.1
2021-11-30 21:09:29.103175, 0, 0.04, 0.47, -9.96, -0.1
2021-11-30 21:09:29.310456, 0, 0.16, 0.31, -10.04, -0.1
2021-11-30 21:09:29.509063, 0, 0.16, 0.31, -9.96, -0.1
2021-11-30 21:09:29.705135, 0, 0.16, 0.31, -10.04, -0.1
2021-11-30 21:09:29.921549, 0, 0.04, 0.43, -9.85, -0.1
2021-11-30 21:09:30.098888, 0, 0.16, 0.47, -10.04, -0.1
2021-11-30 21:09:30.319803, 0, 0.16, 0.47, -10.04, -0.1
2021-11-30 21:09:30.499156, 0, 0.16, 0.35, -9.96, -0.1
2021-11-30 21:09:30.706933, 0, 0.16, 0.31, -10.04, -0.1
2021-11-30 21:09:30.899223, 0, 0.20, 0.51, -10.00, -0.1
2021-11-30 21:09:31.109188, 0, 0.16, 0.39, -10.04, -0.1
2021-11-30 21:09:31.319120, 0, 0.16, 0.47, -10.04, -0.1
2021-11-30 21:09:31.518959, 0, 0.04, 0.47, -10.00, -0.1
2021-11-30 21:09:31.718978, 0, 0.20, 0.31, -10.04, -0.1
2021-11-30 21:09:31.911049, 0, 0.16, 0.31, -10.04, -0.1
2021-11-30 21:09:32.119416, 0, 0.16, 0.31, -9.92, -0.1
2021-11-30 21:09:32.318989, 0, 0.16, 0.31, -9.96, -0.1
2021-11-30 21:09:32.518173, 0, 0.16, 0.31, -10.04, -0.1
2021-11-30 21:09:32.718759, 0, 0.16, 0.31, -10.04, -0.1
2021-11-30 21:09:32.920825, 0, 0.20, 0.39, -10.04, -0.1
2021-11-30 21:09:33.124932, 0, 0.16, 0.31, -9.96, -0.1
2021-11-30 21:09:33.339316, 0, 0.16, 0.31, -10.04, -0.1
2021-11-30 21:09:33.521032, 0, 0.20, 0.51, -10.04, -0.1
2021-11-30 21:09:33.723540, 0, 0.16, 0.47, -10.04, -0.1
2021-11-30 21:09:33.934971, 0, 0.16, 0.31, -10.04, -0.1
2021-11-30 21:09:34.134779, 0, 0.16, 0.31, -10.04, -0.1
2021-11-30 21:09:34.341446, 0, 0.04, 0.47, -10.00, -0.1
2021-11-30 21:09:34.542411, 0, 0.16, 0.31, -9.96, -0.1
2021-11-30 21:09:34.745858, 0, 0.16, 0.47, -10.04, -0.1
2021-11-30 21:09:34.949255, 0, 0.16, 0.47, -10.04, -0.1
2021-11-30 21:09:35.137857, 0, 0.16, 0.47, -10.04, -0.1
2021-11-30 21:09:35.353650, 0, 0.16, 0.31, -10.04, -0.1
2021-11-30 21:09:35.557654, 0, 0.16, 0.31, -10.04, -0.1
2021-11-30 21:09:35.760518, 0, 0.04, 0.31, -10.00, -0.1
2021-11-30 21:09:35.962850, 0, 0.16, 0.47, -10.04, -0.1
2021-11-30 21:09:36.145987, 0, 0.16, 0.47, -9.96, -0.1
2021-11-30 21:09:36.347220, 0, 0.16, 0.47, -10.04, -0.1
2021-11-30 21:09:36.559057, 0, 0.16, 0.47, -10.04, -0.1
2021-11-30 21:09:36.750555, 0, 0.16, 0.35, -10.04, -0.1
2021-11-30 21:09:36.960078, 0, 0.16, 0.31, -10.04, -0.1
2021-11-30 21:09:37.159204, 0, 0.16, 0.31, -9.96, -0.1
2021-11-30 21:09:37.359244, 0, 0.16, 0.47, -10.04, -0.1
2021-11-30 21:09:37.559133, 0, 0.16, 0.47, -9.96, -0.1
2021-11-30 21:09:37.759260, 0, 0.16, 0.35, -10.04, -0.1
2021-11-30 21:09:37.949023, 0, 0.16, 0.47, -9.96, -0.1
2021-11-30 21:09:38.172292, 0, 0.16, 0.31, -9.89, -0.1
2021-11-30 21:09:38.366444, 0, 0.16, 0.51, -10.04, -0.1
2021-11-30 21:09:38.564233, 0, 0.16, 0.47, -10.00, -0.1
2021-11-30 21:09:38.770565, 0, 0.16, 0.31, -10.00, -0.1
2021-11-30 21:09:38.988105, 0, 0.04, 0.43, -10.04, -0.1
2021-11-30 21:09:39.170657, 0, 0.16, 0.31, -10.04, -0.1
2021-11-30 21:09:39.360656, 0, 0.16, 0.31, -9.96, -0.1
2021-11-30 21:09:39.569137, 0, 0.16, 0.47, -10.04, -0.1
2021-11-30 21:09:39.768974, 0, 0.16, 0.47, -10.04, -0.1
2021-11-30 21:09:39.973870, 0, 0.08, 0.35, -10.04, -0.1
2021-11-30 21:09:40.174097, 0, 0.16, 0.51, -10.04, -0.1
2021-11-30 21:09:40.389030, 0, 0.16, 0.31, -10.04, -0.1
2021-11-30 21:09:40.593847, 0, 0.08, 0.47, -10.04, -0.1
2021-11-30 21:09:40.769121, 0, 0.04, 0.31, -9.89, -0.1
2021-11-30 21:09:40.989353, 0, 0.16, 0.35, -10.04, -0.1
2021-11-30 21:09:41.174201, 0, 0.16, 0.47, -9.96, -0.1
2021-11-30 21:09:41.375660, 0, 0.16, 0.31, -9.96, -0.1
2021-11-30 21:09:41.579488, 0, 0.16, 0.47, -10.00, -0.1
2021-11-30 21:09:41.790497, 0, 0.16, 0.47, -10.00, -0.1
2021-11-30 21:09:41.986429, 0, 0.16, 0.47, -9.89, -0.1
2021-11-30 21:09:42.181562, 0, 0.16, 0.47, -10.04, -0.1
2021-11-30 21:09:42.395794, 0, 0.16, 0.35, -9.85, -0.1
2021-11-30 21:09:42.591739, 0, 0.16, 0.35, -9.92, -0.1
2021-11-30 21:09:42.794536, 0, 0.20, 0.47, -9.96, -0.1
2021-11-30 21:09:42.986806, 0, 0.16, 0.31, -10.00, -0.1
2021-11-30 21:09:43.187408, 0, 0.04, 0.35, -9.92, -0.1
2021-11-30 21:09:43.386720, 0, 0.16, 0.47, -10.04, -0.1
2021-11-30 21:09:43.594732, 0, 0.20, 0.31, -10.04, -0.1
2021-11-30 21:09:43.797668, 0, 0.16, 0.47, -10.00, -0.1
2021-11-30 21:09:44.003351, 0, 0.16, 0.35, -9.96, -0.1
2021-11-30 21:09:44.206457, 0, 0.16, 0.47, -10.04, -0.1
2021-11-30 21:09:44.407544, 0, 0.16, 0.31, -9.89, -0.1
2021-11-30 21:09:44.626503, 0, 0.16, 0.47, -10.04, -0.1
2021-11-30 21:09:44.811872, 0, 0.16, 0.47, -10.04, -0.1
2021-11-30 21:09:45.014005, 0, 0.20, 0.39, -9.10, -0.1
2021-11-30 21:09:45.215940, 0, 0.16, 0.47, -10.04, -0.1
2021-11-30 21:09:45.425646, 0, 0.20, 0.39, -10.04, -0.1
2021-11-30 21:09:45.617760, 0, 0.04, 0.51, -10.04, -0.1
2021-11-30 21:09:45.806448, 0, 0.16, 0.47, -9.96, -0.1
2021-11-30 21:09:46.008986, 0, 0.16, 0.47, -10.04, -0.1
2021-11-30 21:09:46.216609, 0, 0.16, 0.39, -10.04, -0.1
2021-11-30 21:09:46.418795, 0, 0.16, 0.47, -10.00, -0.1
2021-11-30 21:09:46.624750, 0, 0.24, 0.47, -10.00, -0.1
